Date,Author,Version,Rating,Review Title,Review Description,Categories
2025-07-09T03:41:53-07:00,ConeyVR12,EARLYACCESS-0.3.3-734,5,Really Amazing Game! ⭐️⭐️⭐️,"It’s like yeeps and drift had a baby, it’s really fun and I brought the starter bundle in the first 15 minutes I really liked this game!",
2025-07-08T22:18:33-07:00,Thorn20124VR,EARLYACCESS-0.3.3-734,5,I love this game so mush,"This game is so fun and the community is amazing, there's so many kind people here that make the game even better!💯🔥🌟🤩",
2025-07-08T16:57:21-07:00,Frosty_Is_Frosty,EARLYACCESS-0.3.3-734,5,Gravi is fun!,It’s a very fun futuristic game!,
2025-07-08T16:07:10-07:00,NoodleVR362,EARLYACCESS-0.3.3-734,5,This is now in my top 10 favorite games,"This game is really fun. I do get a little motion sick when I spin around with zero gravity, but this game is still fun. I like it how he could play with the little gadgets and mine ores like animal company. But yeah, I will rate this game a five out of five stars.￼",
2025-07-08T15:21:31-07:00,NeonEagle8497,EARLYACCESS-0.3.3-734,5,Amazing!,This game is just amazing!,
2025-07-08T15:18:29-07:00,OfficialLimee_Vr,EARLYACCESS-0.3.3-734,5,Hi,This game is really fun cool fire but I get sweaty sometimes cause I run to much🔥🔥🔥🔥,
2025-07-08T15:12:26-07:00,OGCHACA,EARLYACCESS-0.3.3-734,5,this is game is great 👍,best game  ever,
2025-07-08T14:12:50-07:00,OfficalcherryAC,EARLYACCESS-0.3.3-687,5,Gravi is top 5 apps right now🔥,This game is like if yeeps and Orion drift had a baby and it’s fire🔥. The gadgets are really cool and u can join codes so u can play with your friends. The cosmetics look really cool and most of them are really cheap. U start off with 500 of the money so u can unlock the picaxe really fast. They cooked on the mosh pit it’s one of my favorite maps to go in and play around. And if u go into the station it’s really \n\nfun and silly to do flips with the mechanics. That’s all and again gravi is top 5 app right now🙂,
2025-07-08T11:34:13-07:00,EJVern,EARLYACCESS-0.3.3-687,5,Gravi is GREAT,I love playing this game it is so much fun,
2025-07-08T11:11:31-07:00,Averyd1222,EARLYACCESS-0.3.3-687,5,I love this game,So you guys did great and I really enjoyed this game so much and my favorite part was the little time lapse thing,
2025-07-07T23:15:13-07:00,funkopuggy,EARLYACCESS-0.3.3-687,5,W,My only word is W game,
2025-07-07T20:58:45-07:00,JoeyIsCold,EARLYACCESS-0.3.3-687,1,Yeeps fan game,It’s literally Yeeps but with out building,
2025-07-07T20:18:47-07:00,ziah523,EARLYACCESS-0.3.3-687,5,Amazing,This game is so amazing and it has really good detail and super fun to play with friends and other people￼.,
2025-07-07T16:32:51-07:00,YourAverageToast,EARLYACCESS-0.3.3-687,4,"Fun Gravity Physics, Mildly Disappointed","After about 20 minutes I ran out of things to do. To add on to this the player model, gadget system, and some of the cosmetics are extremely similar to Yeeps. Besides this the gravity physics and developer interactions are great and the game is in EA and I can’t wait to see what’s coming next!",
2025-07-07T16:12:57-07:00,MrDrifterr,EARLYACCESS-0.3.3-687,5,Gravi is AMAZING!🔥🔥🔥🔥,The devs absolutely cooked a Michelin star dinner with this one. The mechanics are amazing and the gravity flips are so smooth! Seriously I loved this game so much since the moment I got it. Absolute W!🙌🙌🙌,
2025-07-07T13:40:00-07:00,SparklesandSunshine,EARLYACCESS-0.3.3-687,5,Gravi is a VR must have!,There are so many great things within this game. The smooth movement and fun gadgets make this beyond fun. The cosmetics and game play modes make it a blast to play. Definitely should download this game while it’s free.,
2025-07-07T12:14:34-07:00,EggyBoi_frfr,EARLYACCESS-0.3.3-687,5,Good Game 👍,"This Game Is A Mix Of Yeeps, Animal Company, Orion Drift, And Gtag. However This Game Gets Pretty Boring After A Week Of Playing, Only Because The Game Lacks Content, I Unlocked The Best Item In The Game In 7 Days, And There Is Only 3 Gamemodes, TAG (meltdown) And PvP (moshpit) And A Hangout Mode (the main lobby). But Overall It's A Solid Game, And The Game Has Only Been Out For A Month... So It Makes Since It's Lacking Content!",
2025-07-07T11:39:20-07:00,Froggyvr.1027,EARLYACCESS-0.3.3-687,5,,It’s the best vr game,
2025-07-07T11:27:26-07:00,Aclary54,EARLYACCESS-0.3.3-687,4,This game is super fun!,I love this game,
2025-07-07T11:21:59-07:00,patroy2024,EARLYACCESS-0.3.3-687,5,Best game,This is the best game ever I would recommend it to everyone 10 out of 10,
2025-07-07T09:59:30-07:00,Twinjustin,EARLYACCESS-0.3.3-687,5,,This is my favorite zero gravity game 🎮!,
2025-07-07T06:31:28-07:00,TurboSlayer5400,EARLYACCESS-0.3.3-687,5,"gtag + yeeps + pure chaos, I love it!","I love this game! it is so fun to climb the moshpit leaderboard and join clans! the gadgets just make this game even better with quests too. this isn't a gorilla tag fan game, this is a whole new world to explore! This game has one problem, it is too addicting! the cosmetics feel very unique and the graphics are awesome!  *banananananana\n\n\n!",
2025-07-06T18:29:03-07:00,BehIsReal,EARLYACCESS-0.3.3-687,4,"Great concept, slightly subpar execution","The idea is great, and therefore the game is pretty great, but there’s quite a big problem that nobody knows what to do. I’ve been in lobbies with 10 people saying “How do I do XYZ” because there’s no tutorial and no way to figure out anything. Every day it seems there’s a new bug too.",
2025-07-06T17:21:20-07:00,Gold_fam_bam,EARLYACCESS-0.3.3-687,5,I,I,
2025-07-06T16:59:04-07:00,Mushygodvr,EARLYACCESS-0.3.3-687,5,@Mushygod1111,It’s a very good game for playing with your friends,
2025-07-06T15:33:44-07:00,Chazyt,EARLYACCESS-0.3.3-687,5,Great game!,"I honestly was so surprised when I first loaded into the game. I was meeting with a nice community willing to help me. Playing tag with people was also super fun 🤩! I enjoy this game lots and hope it grows even more. 5, big stars 🌟",
2025-07-06T14:50:00-07:00,chaps.117212,EARLYACCESS-0.3.3-687,2,Bad,The game sucks,
2025-07-06T14:38:49-07:00,Buggmann313,EARLYACCESS-0.3.3-687,5,Awesome,Super cool game. It’s like if Orion drift and Yeeps had a kid,
2025-07-06T14:36:34-07:00,ice.bat.2025,EARLYACCESS-0.3.3-687,5,I love this game,There are so many gadgets and so much stuff you can do plus the player model is super cool and kind of goofy,
2025-07-06T14:15:52-07:00,Emo.Diva,EARLYACCESS-0.3.3-687,5,Gravi,I love it!!! :3,
2025-07-06T13:39:39-07:00,FantaDog,EARLYACCESS-0.3.3-687,5,The developers cooked I love this game,I love this game it's so fun ever since I got it I've been playing it daily five star definitely,
2025-07-06T13:22:24-07:00,blueflame.VR,EARLYACCESS-0.3.3-687,5,One of my fav games,I love gravi it’s like a mix of Yeeps and Orion drift\n\nplus there a starter’s pack for people who just started\n\nThere are two game modes \n#1 mosh pit the hole lobby goes in a arena a you have to hit people off to win points \n#2 meltdown it’s just like tag one person is the tagger and everyone  else has to run!\nAnd the community is great bearly toxic so it’s safe for kids and fun go check it out now !,
2025-07-06T13:21:19-07:00,JjohnVR,EARLYACCESS-0.3.3-687,5,Love this game,I love you you can mine ores and use grenades I also love the bubble gum the only problem is I get sick after playing for a while cause of the zero gravity.,
2025-07-06T13:20:11-07:00,HFluff,EARLYACCESS-0.3.3-687,5,OMG GRAVI is 🔥,"This game has its great verity of thing ranging from a PvP game mode called Moshpit, to gadgets Yeeps wish they had this is one of the best games that I have seen in my 4-5 years of meta quest experience! If you play Yeeps it’s an order to play this game! But what stunned me most was definitely how much the community was nice to me! When I got the game I was so proud that this game was free but I had no idea how to play it, as soon as I said I was new someone immediately jumped in to help and got me used to the gameplay and it was so heartwarming. \n\nIf the developers are seeing this the ONE thing I would do is a tutorial for everything because buying stuff is a little confusing to understand also joining codes is very questionable for me because the person that tried to help  me told me to join a code but I had no idea what to do but when I found out how it works he was already in the code that I didn’t remember.",
2025-07-06T13:12:28-07:00,TamePenguin,EARLYACCESS-0.3.3-687,5,Great game,It’s like space Yeeps but robots,
2025-07-06T12:54:09-07:00,cheddarstellar,EARLYACCESS-0.3.3-687,5,MUST PLAY GAME!!!,"From Gorilla Tag to Puppets to an Animal Company to Robots now to outer Space, what’s next? Grand Theft Animals? This ga e is worth a try with unique maps, gadgets, and cosmetics.",
2025-07-06T11:58:23-07:00,roland.training,EARLYACCESS-0.3.3-687,5,Fun GTag Based Game,"It’s fun, my son likes how it adds to the GTag formula.",
2025-07-06T11:12:29-07:00,zerodot.2022,EARLYACCESS-0.3.3-687,5,I want the banana hat! 🔥,The game is fire and highly recommend it. I like the fighting area. I like the zero gravity and the cosmetics are cool!!,
2025-07-06T07:47:21-07:00,monkmonk00,EARLYACCESS-0.3.3-687,5,Yes,Yes,
2025-07-06T06:09:37-07:00,normal1.202,EARLYACCESS-0.3.3-687,5,I can’t wait to see what happens in the,And could you make a motorbike rideable?,
2025-07-05T22:34:17-07:00,Weston.9,EARLYACCESS-0.3.3-687,5,Best game,Best game so far in my opinion love the gameplay and gadgets and you have not downloaded this game you are making a mistake,
2025-07-05T16:47:05-07:00,Goostersilly,EARLYACCESS-0.3.3-687,5,Fire,"This game has a lot to do and if you like space, this is your game",
2025-07-05T14:16:28-07:00,SeekerTheGameDev,EARLYACCESS-0.3.3-687,5,GRAVI IS SIGMA/THE BEST!!!,I love this game 5 star 💅💅💅,
2025-07-05T12:32:31-07:00,orange.boi,EARLYACCESS-0.3.3-687,5,Love how it inherits things from yeeps,"Yeeps is just one of my favorite games, and this game takes mechanics from yeeps. I'm so love how there's little games like tag, and fighting. I also just joined, and I met a moderator who taught me how to play! I'm Orange, as for that one moderator. By the way Hi mert (or murt(or something like that)). You're the one who taught me. Ty.",
2025-07-05T12:02:32-07:00,Ilikewaffles1914,EARLYACCESS-0.3.3-687,5,Good game like yeeps :),Very fun 5 stars,
2025-07-05T11:57:40-07:00,COFFEE23,EARLYACCESS-0.3.3-687,5,Best game ever🔥🔥🔥🔥🔥,I have three words (the best game),
2025-07-05T11:44:49-07:00,space.219149,EARLYACCESS-0.3.3-687,5,Good game!,"This game is really fun and creative it makes 4 different games into one like Orion drift because you're a robot and, gorilla tag because of tag, animal company cause of mining, and lastly because of yeeps there is a lot of features in Gravi that is in yeeps. I found this game by Ima_rainbow, and, you should add a mobile app so you can play on phone.",
2025-07-05T10:53:04-07:00,splashy112134,EARLYACCESS-0.3.3-687,5,I love gravi,This game has the potential to be a alternative to Yeeps,
2025-07-05T10:44:40-07:00,JohnStephen.2014,EARLYACCESS-0.3.3-687,5,This game sucks,It’s too fun and has deals to amazing to exist the gadgets are horribly good\nAnd it’s overall it should get a reward for easiest game to learn because \nIt’s has such an annoyingly nice community.,
2025-07-05T01:02:20-07:00,ventura.gigi74,EARLYACCESS-0.3.3-687,5,"Gioco molto carino e simpatico,",Bell gioco lo adoro ci giocherò tanto secondo me alcune volte ti annoi per la poche mappe ma trovi sempre qualcosa da fare,
2025-07-04T17:07:27-07:00,dinodale17,EARLYACCESS-0.3.3-687,5,Good,Good game  but needs to save your upgrades.,
2025-07-04T17:05:50-07:00,CAS3,EARLYACCESS-0.3.3-687,5,Rad game,Great game it's amazingly fun,
2025-07-04T16:22:43-07:00,The.drago.gaming.YT,EARLYACCESS-0.3.3-687,3,Unable to play,Downloaded the game and the game gets stuck on connecting to server. Any suggestion or fixes?,
2025-07-04T15:51:14-07:00,kimshu93,EARLYACCESS-0.3.3-687,5,Good,So cool it is a good game,
2025-07-04T12:24:37-07:00,FATPEGVR,EARLYACCESS-0.3.3-687,4,Really fun,I love this game it has really cool maps and games although it did make me a little sick,
2025-07-04T11:30:07-07:00,lop36568,EARLYACCESS-0.3.3-687,5,Gravi it Is a incredible game 👍,Gravi devs if you see this I want To say that  you créate a funny game \nCreative and incredible thanks.  Note pls add more modes are fun👍,
2025-07-04T04:40:17-07:00,Oscar9682,EARLYACCESS-0.3.3-687,5,Love it,Gravi is a very fun game and it should be played more,
2025-07-03T20:14:43-07:00,Mono_XR,EARLYACCESS-0.3.3-687,5,Gravi is Cool,I like gravi it's pretty fun but I wish it would be a lot easier to learn how to play.,
2025-07-03T16:23:25-07:00,cocopuffthebanan,EARLYACCESS-0.3.3-687,5,Good,It a good game,
2025-07-03T15:49:52-07:00,swag_shack,EARLYACCESS-0.3.3-687,5,I LUV GRAVI,Ddsiebehehdjewkke,
2025-07-03T15:31:08-07:00,flare3012,EARLYACCESS-0.3.3-687,5,Gravi is the best,"I saw the this game and I thought it just a boring game, but I play for a while and realized I’ve been playing this game until my headset died and I realize this game was the best ever.",
2025-07-03T15:28:01-07:00,SOGGYTOES22,EARLYACCESS-0.3.3-687,5,Eh mazing,This is the best vr game that ive seen in a while. good work.\nEEHHHH MAZING,
2025-07-03T15:11:21-07:00,Bearzilla1222,EARLYACCESS-0.3.3-687,5,I like the physics,Like how the character looks it’s pretty cool. I have to say the game is pretty fun and I find on the modes fun all the game modes fun and I think the games is really interesting. I really like the game and I think it’s a pretty fun game the upgrades how you change your color How the game is the game pretty fun to me. 👍🙂￼,
2025-07-03T14:25:47-07:00,ignitedbombs,EARLYACCESS-0.3.3-687,5,,This game has many maps to play and very fun gadgets to use in this game and it is really fun ￼,
2025-07-03T11:11:19-07:00,Laurence9000,EARLYACCESS-0.3.3-687,5,I LOVE THE GAME!!!,When I started the game it was so much fun!! I love that you go upside down and you are a robot in the game!,
2025-07-03T09:08:36-07:00,Ollietennant17,EARLYACCESS-0.3.3-687,5,BEST GAME EVER!,THIS GAME is gonna blow your mind because how great it is!,
2025-07-03T08:56:05-07:00,purpleguy35321,EARLYACCESS-0.3.3-687,5,Grate game,So good,
2025-07-03T07:18:39-07:00,Mr.snakee,EARLYACCESS-0.3.3-687,5,I will someday repay this game,This game saved my life because I was being chased by a vampire perry the platypus’s platypus army but the game turned into a rocket launcher and ended all of the Perry’s and saved me.,
2025-07-03T06:38:53-07:00,Kermzie,EARLYACCESS-0.3.3-687,5,Great game!,This game is better than I expected. I really enjoyed the gameplay.,
2025-07-03T06:37:37-07:00,Hmodetater,EARLYACCESS-0.3.3-687,5,early access but good and fun,Sigma game,
2025-07-03T05:40:54-07:00,KingKaleb729,EARLYACCESS-0.3.3-687,5,My favorite game🔥🔥🔥,The game is super fun and cool gadgets to play with great game,
2025-07-03T04:30:23-07:00,Mrkane.com17,EARLYACCESS-0.3.3-687,4,,This is my most favourite game yet. Gravi. \n\nAll the game modes in the game are very awesome. \n\nGreat job developers! Hope you can add more gadgets.,
2025-07-03T04:20:43-07:00,Burntcheerio,EARLYACCESS-0.3.3-687,5,Good game,This game is very good better than yeeps,
2025-07-03T04:18:53-07:00,SpadezTY,EARLYACCESS-0.3.3-687,5,GRAVI IS LIGITNESS!!🔥,First of all! The mosh pit is a very unique game mode. Station and Astroid city are much amazing because the thought of physics in this game is pretty cool 😎!,
2025-07-03T04:00:00-07:00,Carter8701,EARLYACCESS-0.3.3-687,5,Gravi,Good game had lots of fun,
2025-07-02T20:44:08-07:00,yeeplover2,EARLYACCESS-0.3.3-687,5,Great game,This game is so much fun.  I love playing it with friends.,
2025-07-02T20:28:04-07:00,gegoober,EARLYACCESS-0.3.3-687,4,Cool,This is cool but it can give you motionsickness,
2025-07-02T19:11:27-07:00,cayne123H,EARLYACCESS-0.3.3-687,5,This game is so cool,I love the game so much so so cool,
2025-07-02T19:00:08-07:00,MDA2016,EARLYACCESS-0.3.3-687,5,So fun So fun,"Very, very, very, very, very, very, very, very very very very very very very very very very very very very very very very very very very very very cool game\n\n\n😎😎😎😎😎😎😎😎😎😎😎😎😎😎😎😎😎😎😎😎😎😎😎😎😎😎😎😎😎😎😎😎😎😎😎😎😎😎😎😎😎😎😎😎😎😎😎😎😎😎😎😎😎😎😎😎😎😎😎😎😎😎😎😎😎😎😎😎😎😎😎😎😎😎😎😎",
2025-07-02T15:53:49-07:00,Royless,EARLYACCESS-0.3.3-687,5,Fun game!,"It is so fun you can play tag,battle, and mining!￼",
2025-07-02T15:23:18-07:00,MSVR.7,EARLYACCESS-0.3.3-687,5,Really fun game,I love this game to some it up it’s basically a free to play vr game that is combined with mixes of Yeeps and Orion drift some may not see it but it’s pretty fun,
2025-07-02T13:46:13-07:00,bredthegamer,EARLYACCESS-0.3.3-687,1,bootycheeks,"the game is honestly bootycheeks, copied yeeps technically, not fun at all, and didnt even give a tutorial on how to play",
2025-07-02T12:29:24-07:00,spook10,EARLYACCESS-0.3.3-687,5,I Love the game,Just give me so cool I would recommend downloading it and I'm a rainbow what's right he Devin did cook,
2025-07-02T11:13:42-07:00,Dyrobles,EARLYACCESS-0.3.3-687,1,I waited 1 hour for nothing,So I downloaded the game thinking this is going to be fun. But sadly i's got 1 hour of a loading screen. Just sitting there looking at the load and screen. Just bored doing nothing. I would give this five stars if you know. I was actually able to play the game and not just sit there with a loading screen looking at the loading screen. So yeah I would give it five stars if I didn't wait 1 hour for nothing. Now my VR heads it's out of battery so yeah 😔,
2025-07-02T11:05:44-07:00,AGWizzo,EARLYACCESS-0.3.3-687,5,Gravi is fun,Super fun game it combines Yeeps and Orion drift,
2025-07-02T10:42:20-07:00,NuggetNine11,EARLYACCESS-0.3.3-687,5,Cool,Gravi is really cool I love the movement,
2025-07-02T09:24:15-07:00,AlexTheYeepKing,EARLYACCESS-0.3.3-687,5,This is Yeeps 3.0,This game is so good I’d love it if you make more of this game please,
2025-07-02T08:45:36-07:00,Stareye,EARLYACCESS-0.3.3-687,5,The PVP is hosted (AlPHA TESTER),The main game sucks apart from the pvp that is absolutely goated with friends,
2025-07-02T08:20:48-07:00,TRox90,EARLYACCESS-0.3.3-687,5,This game is FIRE🔥 Iwant the BANANA HAT,This game reminds me to yeeps but is coool,
2025-07-02T08:09:00-07:00,stay.silly,EARLYACCESS-0.3.3-687,5,🚀Gravi funniest and funniest game ever,"I’m also a beta tester and ever since the game released the game is 10x more fun.\nthere is sooo many things to do come and download it to find out!,",
2025-07-02T06:55:38-07:00,Lincolnski,EARLYACCESS-0.3.3-687,5,omg it's perfect.,"All these different items and gadgets, amazing maps to explore, This HAS to be Game Of The Month!￼",
2025-07-02T06:42:45-07:00,superk9,EARLYACCESS-0.3.3-687,5,Very good game,I have no idea how you made it where gravity would change￼ and also I love the daily quest… It makes it so much easier to get items And also the blue crystals make it easy to because of how it makes you get gain money not just nexiem￼￼,
2025-07-01T22:01:45-07:00,ZeusVR,EARLYACCESS-0.3.3-687,5,Really good!,When I started playing this game I already knew it was the best game ever!,
2025-07-01T15:54:48-07:00,Zelm_on_paws,EARLYACCESS-0.3.3-687,5,Love the game,The game is so fun!,
2025-07-01T15:46:29-07:00,Dont_hire_me,EARLYACCESS-0.3.3-687,5,Very sigma,It's sigma I can't buy the starter bundle tho I WANT TO WAIST MY MONEY. 😭😭😭😭😭😭😭😭😭😭😭😭😭😭😭😭😭😭😭😭😭😭😭,
2025-07-01T14:34:13-07:00,bbob23,EARLYACCESS-0.3.3-687,5,Gravi is so good,Gravi is an amazing game everyone was so kind and very helpful. This was my first time playing and everyone was so helpful.,
2025-07-01T11:30:09-07:00,MrStone54,EARLYACCESS-0.3.3-687,5,Awesome,Great game! I like the gorilla tag locomotion and the bubbles like yeeps! Has great potential and I enjoy the moss and nodes!,
2025-07-01T10:43:19-07:00,Hudsonrules,EARLYACCESS-0.3.3-687,5,Fun,Fun game,
2025-07-01T09:58:35-07:00,CyyberNutt,EARLYACCESS-0.3.3-687,5,Awesome game,Gadgets are fun.\nCosmetics are super.\nMaps are confusing.,
2025-07-01T08:57:02-07:00,king_smoothies,EARLYACCESS-0.3.3-687,5,Amazing game,The devs cooked but the Astro bundle could be a little bit cheaper,
2025-07-01T07:08:27-07:00,arras_space_vr,EARLYACCESS-0.3.3-687,5,Great game,The gadgets are so cool.,
2025-07-01T06:56:39-07:00,THEREALVO2,EARLYACCESS-0.3.3-687,5,Masterpiece,These games make the world better. I love this game and the community. If you don’t own this game I’LL FIND YOU.,
2025-07-01T06:17:54-07:00,NovaSteve79,EARLYACCESS-0.3.3-687,3,,Gravi is a great new start for new players.\nThe only bad thing is how hard it is to get items.,
2025-07-01T04:51:27-07:00,Spoiled_Donkey_8726,EARLYACCESS-0.3.3-687,5,Great game,This game has a lot fun things to do and unique gadgets to play around with and it's free so you should download it because it's very new player friendly,
2025-07-01T03:51:20-07:00,DlN0.LIKES.WlZARDS,EARLYACCESS-0.3.3-687,5,FUN,Really fun🤩,
2025-07-01T01:06:17-07:00,BananaBoi496,EARLYACCESS-0.3.3-687,5,Amazing,Amazing,
2025-06-30T23:29:06-07:00,The.legend.vr,EARLYACCESS-0.3.3-687,5,It’s fun it’s just gravity,It’s very good I Love the Game It’s so fun in good￼￼ And Plus￼ you can get a banana hat￼,
2025-06-30T22:08:01-07:00,yapzilla1,EARLYACCESS-0.3.3-687,5,Hi,I love this game and it will be more fun If you add horror,
2025-06-30T18:54:20-07:00,Funnycat101,EARLYACCESS-0.3.3-682,5,Fun game,Their fun game if you like space is a very fun game. You would probably like this game. It’s fun for most players unless you have motion sickness but overall he’s a really good game and everybody should give a shot if you like keeps he’ll probably like this. \n\n\n\n\n\n\n\n\n\n￼,
2025-06-30T18:44:35-07:00,profooball,EARLYACCESS-0.3.3-682,5,Great game,It is really fun the punch thing is so fun punch punch,
2025-06-30T17:03:24-07:00,JDB6613,EARLYACCESS-0.3.2-653,5,This game is a GRAVIfying experience,I love the gravity mechanics and the community behind it. The bubble gun and speed boost drink probably my favorite items,
2025-06-30T16:28:29-07:00,seniorbagel.2024,EARLYACCESS-0.3.2-653,5,❤️,Just started to play and I love the game,
2025-06-30T14:23:28-07:00,infinitesigma,EARLYACCESS-0.3.2-653,5,Good,This game is \n🟨🟨🟨🟨🟨🟨🟨🟨🟨🟨🟨\n🟨🟨🟨🟨🟨🟨🟨🟨🟨🟨🟨\n🟨🟨🟨🟨🟨🟨🟨🟨🟨🟨🟨\n🟨⬛⬜🟨🟨🟨🟨🟨⬛⬜🟨\n🟨⬛⬛🟨🟨🟨🟨🟨⬛⬛🟨\n🟨⬛⬛🟨🟨⬛🟨🟨⬛⬛🟨\n🟥🟨🟨🟨🟨🟨🟨🟨🟨🟨🟥\n🟥🟥🟨🟨🟨⬛🟨🟨🟨🟥🟥\n🟥🟥🟨🟨⬛🟨⬛🟨🟨🟥🟥\n🟥🟨🟨🟨🟨🟨🟨🟨🟨🟨🟥\n🟨🟨🟨🟨🟨🟨🟨🟨🟨🟨🟨,
2025-06-30T14:05:33-07:00,Penguingamer1414,EARLYACCESS-0.3.2-653,4,Nice game,I am just writing this for the banana but also this is a great game not much toxicity but the moshpit leaderboard is kinda like if you sleep you lose your rank but that doesn’t matter because you can just play it for fun,
2025-06-30T11:12:15-07:00,CrashMan27,EARLYACCESS-0.3.2-653,5,Fun game,The game is fun 🤩,
2025-06-30T10:34:11-07:00,king.frog.2025,EARLYACCESS-0.3.2-653,5,Aaaaaa,Gravi,
2025-06-30T10:31:13-07:00,pizzayeep,EARLYACCESS-0.3.2-653,4,Fun game,This is like yeeps in space but I think the way you get the energy  is wrong ￼and what is the energy called?,
2025-06-30T09:36:46-07:00,maxplaid,EARLYACCESS-0.3.2-653,5,Sweet,So gooooood,
2025-06-30T08:35:51-07:00,william.105174,EARLYACCESS-0.3.2-653,5,,It’s one of my favorite games I have played 5 stars,
2025-06-30T05:45:43-07:00,jefster69,EARLYACCESS-0.3.2-653,5,WAW,GET IT NOW,
2025-06-30T04:54:20-07:00,leohd,EARLYACCESS-0.3.2-653,5,Why gravi is good,Cuz it is good,
2025-06-29T21:21:10-07:00,yeeper.321123,EARLYACCESS-0.3.2-653,5,So fun,Sigma,
2025-06-29T20:40:27-07:00,AGenderfluidCookie,EARLYACCESS-0.3.2-653,4,"Very good, has potential","It is clearly very inspired by Yeeps: Hide and Seek, which is great because there aren't many games similar to Yeeps on VR. The game is still very early in development and as more updates come out I can see how it will get better, but I'm not rating it five stars because it is lacking in a lot of departments, still very good though.",
2025-06-29T19:31:20-07:00,DanthedannyVR,EARLYACCESS-0.3.2-653,3,It’s good,It’s good but not better then yeep I am putting yeeps because people call this a yeeps fan game,
2025-06-29T19:14:18-07:00,JPlayy,EARLYACCESS-0.3.2-653,5,I love this game,I love this game because of the items and the races,
2025-06-29T18:39:45-07:00,sophia_dipop,EARLYACCESS-0.3.2-653,5,It  very  very  good  game,It  a game  just  like  yeeps  and  I  like  yeeps  and my  favorite gages is the  raptor.,
2025-06-29T17:16:29-07:00,RainLikesClouds,EARLYACCESS-0.3.2-653,5,I want banana hat,This game is very fun I like the gadgets and game play it’s like a different game that I know but in space 10/10\nUser: RainLikesClouds,
2025-06-29T17:16:06-07:00,LOT_VR,EARLYACCESS-0.3.2-653,5,Coo,Coolllmhave ONG fun,
2025-06-29T17:03:12-07:00,nicole.47165,EARLYACCESS-0.3.2-653,5,Good game,"I love the looks of this game, would recommend!",
2025-06-29T16:39:41-07:00,mrfrog209807,EARLYACCESS-0.3.2-653,3,Game,￼It gets confusing at first but besides that it is pretty cool and fun,
2025-06-29T15:53:52-07:00,MRBANANA7,EARLYACCESS-0.3.2-653,5,This is so fireeeeee,This game is fireeeeeeeeeeeeeeer. I had so much fun playing it. Also me want banana hat!!!!!!,
2025-06-29T15:45:38-07:00,soda.vrgt,EARLYACCESS-0.3.2-653,5,Good,It is pretty fun you can walk on stuff its pretty cool but the are some cosmetic in yeeps like the cone and the clown face but the is very fun,
2025-06-29T15:23:34-07:00,scoy4903,EARLYACCESS-0.3.2-653,5,Yes,Yes,
2025-06-29T15:01:31-07:00,Coolguy067,EARLYACCESS-0.3.2-653,5,This game is so fun and cool 🤩,You should 100% get this game. It’s one of the best games I played. There’s so many gadgets to use and the gravity mechanics are amazing and to be honest I don’t think you’ll ever get bored from this game. ￼,
2025-06-29T15:00:20-07:00,Ryder4116,EARLYACCESS-0.3.2-653,5,Best game ever,This is the best game ever because it gives me something where I can actually enjoy and I love it even though I’ve only been on for a couple of minutes\nIt’s so much fun ￼,
2025-06-29T14:58:29-07:00,sub2LebronFan_vr,EARLYACCESS-0.3.2-653,5,Skibidi,SKIBIDI,
2025-06-29T14:33:45-07:00,Itz_Cookiezz,EARLYACCESS-0.3.2-653,5,Thing is going to be the next big game!!,"Gravi is a fun, amazing game I love the mosh pit and all the races! I thing you should add a community worlds and building to make fun maps. I hope thing game does well and I got the first bundle! (5 Stars!!!)",
2025-06-29T14:11:05-07:00,OfficialWave,EARLYACCESS-0.3.2-653,5,Cool Game,Just Like Yeeps,
2025-06-29T14:09:13-07:00,NeonDrifterVR,EARLYACCESS-0.3.2-653,5,Great game!!!,"I love the content and mosh pit, the community is also awesome 🤩",
2025-06-29T13:40:20-07:00,spitfiresss,EARLYACCESS-0.3.2-653,5,Good game,I actually enjoyed the game as it’s my first time playing it was no problem getting set buying my first gadgets the community was so nice helped me get around and buy stuff.,
2025-06-29T13:13:50-07:00,Rich.on.vr,EARLYACCESS-0.3.2-653,5,THIS GAME IS AWSOME,This game has somewhat unique mechanics and has A thing called moshpit wich is VERY fun!,
2025-06-29T13:08:06-07:00,Real_Lucid,EARLYACCESS-0.3.2-653,5,Fun,Like Yeeps but better,
2025-06-29T12:43:55-07:00,craZy_jestey,EARLYACCESS-0.3.2-653,5,I love this!,Such a lovely game,
2025-06-29T12:19:30-07:00,krodvr,EARLYACCESS-0.3.2-653,5,This game is so fun,I love all the items,
2025-06-29T11:25:46-07:00,BluebowYT,EARLYACCESS-0.3.2-653,5,AMAZING,This Is The Best Orion Drift And Yeeps Combined Game EVER!!!!,
2025-06-29T10:09:50-07:00,ItzMrScruffFR,EARLYACCESS-0.3.2-653,5,Fire Game🔥🔥🔥,This Game Is So Tuff,
2025-06-29T10:00:24-07:00,ZZDark,EARLYACCESS-0.3.2-653,5,Cool game,It is a good game for the most part. I do recommend fixing certain bugs when you go into the gravity map because if you don’t grappler any of that in Knoxville to get around. ￼,
2025-06-29T09:38:11-07:00,NgodTheBiggie,EARLYACCESS-0.3.2-653,5,,I love this game is creative and fun I love the zero gravity mechanic and the space maps plus the gadgets,
2025-06-29T09:34:45-07:00,monkemace,EARLYACCESS-0.3.2-653,5,I love it so much sigma game,I love the game bc I I’m iron man,
2025-06-29T07:19:14-07:00,RealSamuraiVr,EARLYACCESS-0.3.2-653,5,Fire 🔥,Honestly just Fire and seeing a yeeps fan game made me get this game like the gravity effects are awesome the gadgets being unique 👏 was well done keep it up GRAVI ON,
2025-06-29T06:54:58-07:00,Trifecta.2024,EARLYACCESS-0.3.2-653,2,):(,"Are you looking for an action packed version of Orion drift? Or a stomach turning, gravitational based, Yepes arena mode? Then this is the right game for you I guess. \n                O￼                                               O\n                 l                                                 l\n                 l                                                 l\n                 \           _____________        / \n                   \                                             /\n                    l     l                       l              l\n                                     \_/   \n               ABSOLUTE.              CINEMA. 🎦\n   Aside from the fact that there are so many bugs and little Timmy’s that spam kick people for no reason!!!! >:(  and the lack of directions",
2025-06-29T06:42:28-07:00,FanToxx,EARLYACCESS-0.3.2-653,5,This game is awesome!,"The devs really put a lot of work into this game.  The game has a ton of different items that help you get better and learn new skills. When I’m bored, I usually play this game. The community is great so you should check it out!",
2025-06-29T04:35:43-07:00,CookieBoiVr,EARLYACCESS-0.3.2-653,5,Fire gaaaaaaaaammmmmmmeeee,Love all maps,
2025-06-28T23:58:45-07:00,ga16xyvr,EARLYACCESS-0.3.2-653,5,Gravi is sick! (In a good way),just cannot stop playing this game! Everybody should play this game!,
2025-06-28T22:40:38-07:00,Viny88,EARLYACCESS-0.3.2-653,5,GRAVI IS FIRE🔥🔥,It’s the best game ever I can’t wait for the Nexium update ￼,
2025-06-28T22:35:18-07:00,Maldana86,EARLYACCESS-0.3.2-653,5,Fun game kinda like yeeps,A fun game were your a robot and have cool stuff like the bubble gun so cool 10/10 love it,
2025-06-28T21:23:24-07:00,REDACTED__USER,EARLYACCESS-0.3.2-653,5,w game,"great game, even while in alpha",
2025-06-28T21:13:42-07:00,WreckItRogers,EARLYACCESS-0.3.2-653,5,Awesome game :3,This game is if yeeps and Orion drift had a baby. It’s awesome! The community is so cool and kind and the overwhelming amount of features and gimmicks are so cool!,
2025-06-28T21:02:38-07:00,cookie.53221,EARLYACCESS-0.3.2-653,4,Best game ever,It is so fun,
2025-06-28T16:19:11-07:00,pm15kc_yeep,EARLYACCESS-0.3.2-653,5,It is fun,Gravity is a fun game where you can play thing. There’s a punching mode racing mode and a tagging mode. There’s lots of items in there. It’s really fun. ￼,
2025-06-28T14:20:43-07:00,Cheesevr13,EARLYACCESS-0.3.2-653,5,Chill community,mega fun,
2025-06-28T13:56:17-07:00,LarsHoneytoast,EARLYACCESS-0.3.2-653,5,Very good,I love it!!!!!!!!!!!,
2025-06-28T12:56:02-07:00,littleWORM7,EARLYACCESS-0.3.2-653,5,MOSHPIT,AWSOME MOSHPIT UPDATE,
2025-06-28T12:52:21-07:00,BOBCARTER6,EARLYACCESS-0.3.2-653,5,Good game,"Good game devs i don’t know how you come up with it ………………………………/………6.,………;/./………(.),(,(?,$,)🙃🙂🙂😍😌🥸🙂😒🥰😕🥰😜😕😇😝😏🙂😏😇😒🤪🙂😒🙂😒😙🙂😒😇😒😒🤪😇😒🙂🙂‍↔️🙂🙂‍↔️🤣🤩😂😌😎😅😎🥹😎😊😏😇🤩🙂🤩🤣😜😊🙂‍↕️😊😏😇😗😏😅🥸😂🥸🤣😙😏😇😒😒🙂🙂‍↔️🥰😞😘🙁🥰🤪😒🥰😜😒😜😍😟😍😜😕🙂🤪😒😘🙁😘😕😍😜😕🥰😕🥰🤪😜😇🥸😍😎😍😎😌🥸😌🥸😍🥸😎😎🥸🥸😌🥸😌😌😎🥸🥸🥸🥸😊😊🥸😊🥸😍🤩😍🤩😍🥸🤪😍😒😌🙂‍↔️😒😍🤨😞😍😏😌😍🤩😇😒😌🤪😍🥸🥸😍🤩😒😇😍🤪😒🤩😍😇🤩🤩😍😒😍🥸😊🥸😊🥸😊🥸😊🥸😊🥸😊🥸😊🥸😊🥸😊🤩😊🤩😊🙂‍↔️😊🤩🥸🥸😊🥸😊🥸🥸🥸😊🥸🤓☺️🤓☺️",
2025-06-28T12:41:49-07:00,TeeZee79,EARLYACCESS-0.3.2-653,5,this game has potential,"Even though this game seems like a yeeps knock off it has potential. sometimes it’s unexplanatory for some things, but this game just came out. so we just have to be patient.￼￼",
2025-06-28T12:33:02-07:00,MrFunyun_VR,EARLYACCESS-0.3.2-653,5,Devs cooked,I like this game a lot it is like yeeps hide and seek but different in ways,
2025-06-28T11:58:22-07:00,Fr0ggie,EARLYACCESS-0.3.2-653,5,W game,Fire game I love it it's really fun,
2025-06-28T11:38:35-07:00,FloogyVR,EARLYACCESS-0.3.2-653,5,good,this game is so good i love it it better than yeeps and just a lot to explore and fun,
2025-06-28T11:11:20-07:00,cat.dudeGTVR,EARLYACCESS-0.3.2-653,5,Basically Yeeps 2.0,This is basically Yeeps 2.0 cuz it’s so similar in so much ways and this game is 🔥\nYou should definitely check it out if you haven’t,
2025-06-28T09:45:29-07:00,baconnvr,EARLYACCESS-0.3.2-653,5,Amazing game,This game WILL be the next big VR game,
2025-06-28T09:33:49-07:00,SmolGuii,EARLYACCESS-0.3.2-653,5,This game is fire,"The cosmetics, the gameplay, the everything, this game is perfection, great game @SmolGuii",
2025-06-28T06:50:58-07:00,KormakurK,EARLYACCESS-0.3.2-653,5,W game,This game is so good and has great developers ￼,
2025-06-28T06:37:34-07:00,jooly,EARLYACCESS-0.3.2-653,5,Cool,Had a amazing experience and I had tons of fun while playing,
2025-06-28T05:42:43-07:00,Yohehehe,EARLYACCESS-0.3.2-653,5,Gravi,The mosh pit is so fun and 🔥 🔥🔥🔥🔥🔥🔥🔥🔥🔥🔥🔥🔥🔥🔥🔥🔥🔥🔥🔥🔥🔥🔥🔥🔥🔥🔥￼,
2025-06-28T05:18:24-07:00,milesVR100K,EARLYACCESS-0.3.2-653,5,So fun,When I joined I had no items but it was still fun😃. The community is great,
2025-06-27T22:49:56-07:00,yesnovr,EARLYACCESS-0.3.2-653,5,Very fun game,It is lots of fun. I like the zero gravity and that you could go mining and I would like all the gadgets,
2025-06-27T21:21:28-07:00,Cakeonaplate,EARLYACCESS-0.3.2-653,4,This is a good game,I like the mechanics of this game because I have never seen this gravity defiying pads in a game ever and I like the vending machine way of getting items,
2025-06-27T20:17:28-07:00,Robotmonke315,EARLYACCESS-0.3.2-653,5,Fun game,I had fun,
2025-06-27T20:01:55-07:00,UnextinguishedFlame,EARLYACCESS-0.3.2-653,5,Gravi is fun,I got Gravi yesterday and I couldn’t play it so today I tried it and it was fun. Being able to go in zero-g was interesting to say the least. But overall it was fun,
2025-06-27T18:48:58-07:00,Ululalu57,EARLYACCESS-0.3.2-653,5,,This game is to fun it change the físics of other games and the mechanics are exeselet and recommended to my friends and my friends love it and they thanhk me for showing this game to them and I personally love the battle Royal mode,
2025-06-27T18:42:46-07:00,captain.noodie,EARLYACCESS-0.3.2-653,5,Thanks for Thanks for creating this game,Amazing game I’ve only had it for two days now and I begged all my friends to get online. I’m addicted to it. It’s my second best favorite game even though it’s a small game I love it. ￼,
2025-06-27T17:53:03-07:00,electrovr24,EARLYACCESS-0.3.2-653,5,Nice game,I think this game is really cool. I just started I greet you guys a five star.,
2025-06-27T17:02:10-07:00,GregDud3,EARLYACCESS-0.3.2-653,5,AWSOME!!!,"It is a very fun and enjoyable game. The pvp arena is my favorite, it is so cool being to fight other players and to be the last one standing doesn't get old! Amazing game, I highly  recommend!",
2025-06-27T15:21:21-07:00,Zilofr,EARLYACCESS-0.3.2-653,5,GOOD GAME,Really good game would recommend it but people can be toxic,
2025-06-27T14:47:17-07:00,Foxx252125,EARLYACCESS-0.3.2-653,5,Good game,I really recommend playing this game if you like yeeps. You can play in the mosh pit (fighting arena) or in the other maps (infection tag).,
2025-06-27T12:48:31-07:00,harry_da_yeep,EARLYACCESS-0.3.1-642,5,A amazing game,"I'm new to this game but just when I got in it was a 10/10  and it's got pretty much  all I want in a vr game gamemodes , gadgets and a battle mode if you don't have this game What are you waiting for? download noww!",
2025-06-27T12:43:44-07:00,Round_Vr,EARLYACCESS-0.3.1-642,5,Gods game good physics,I’m adding to this game it’s so good!!!!,
2025-06-27T12:36:16-07:00,iFroggie,EARLYACCESS-0.3.1-642,5,Really fun game overall,"Download gravi because it is a very fun game. It’s Yeeps in Orion drift, combined into one game. Because zero gravity in space from Orion drift and gadgets and fun items like Yeeps download￼ gravi very fun game",
2025-06-27T12:22:48-07:00,sobczyk.488942,EARLYACCESS-0.3.1-642,5,The best game I,I like that u. Can change your color anytime u want and also play in the new games I like all the cosmetics in this game,
2025-06-27T12:21:11-07:00,meatballs300,EARLYACCESS-0.3.1-642,5,Best game ever,The community is nice and the game\n play is good,
2025-06-27T11:46:00-07:00,Maxzilla7911,EARLYACCESS-0.3.1-642,5,This games really fun,This is a really fun game 10/10 byfar I love the moshpit and stations zero gravity is amazing!\nMake sure to play this wherever you get the chance!,
2025-06-27T11:33:09-07:00,ArchVrr,EARLYACCESS-0.3.1-642,5,Fire🔥🔥🔥,I’ve only been playing for a day and everything is fun with a great community that’s not that big,
2025-06-27T11:04:35-07:00,Presley_919,EARLYACCESS-0.3.1-642,5,THIS GAME IS AWESOME!!!!,"I only just started today and what I've heard, it's a combination of yeeps, gorilla tag, and Orion drift with are my favorite games and, when I checked it out, and EVERYTHING IS SO COOL! Go download Gravi now. I HIGHLY recommend it.",
2025-06-27T10:06:23-07:00,MoneyVr.96,EARLYACCESS-0.3.1-642,5,Best game ever,This is the best because you can run jump with your friends and buy gadgets and have fun in the mosh pit tag I recommend you playing this game if your fan of a Orion drift and yeeps￼￼ please play￼,
2025-06-27T09:21:02-07:00,Mr.Banana001,EARLYACCESS-0.3.1-642,5,Great game,"This game is so fun to play. Me and my friends have a great time mining, playing tag, and fighting in the mosh pits.",
2025-06-27T08:42:56-07:00,Patate.VR,EARLYACCESS-0.3.1-642,5,Very cool,The games fun so is the community \nThe only annoying thing is that I live in Europe and most of the people are online late at nights for me,
2025-06-27T07:47:47-07:00,sh4dowonvrisrizz,EARLYACCESS-0.3.1-642,5,REALLY FUN,"As a moderator this is one of the most peaceful and creative games you will find, give it a try",
2025-06-27T07:27:42-07:00,Artiek,EARLYACCESS-0.3.1-642,5,Gravi is awesome,I found this game from the YouTuber ima rainbow and I love it and I even met ima rainbow in it,
2025-06-27T07:24:27-07:00,GreenFox15,EARLYACCESS-0.3.1-642,5,The new big vr,The movement is really good and there so much to 👍100/100 [. •. •]\n                                  =[.     ]=,
2025-06-26T21:34:35-07:00,PriceVR33,EARLYACCESS-0.3.1-642,5,THIS GAME IS PEAK,"I’ve been looking for a new game for a while, and I finally found it :D",
2025-06-26T20:01:59-07:00,ROOTBEER_master,EARLYACCESS-0.3.1-642,5,If yeeps and Orion drift had a baby,It’s really fun and I like drinking speed soda,
2025-06-26T19:47:22-07:00,namelessvr,EARLYACCESS-0.3.1-642,4,Has potential,This game is very fun and reminds me a lot about Yeeps hide and seek in a way but in space. It is still very new so I can see it being one of the biggest vr games in the future.,
2025-06-26T19:14:00-07:00,donkey07.2022,EARLYACCESS-0.3.1-642,5,Download gravi now,I’ve been playing gravi for an hour and I love it it’s so worth it my new fav. Game rn,
2025-06-26T18:44:13-07:00,bjc7,EARLYACCESS-0.3.1-642,5,W game,Ikr it’s a W game,
2025-06-26T18:26:19-07:00,BananaPlayz_Games,EARLYACCESS-0.3.1-642,5,Best game,BEST VR GAME THANKS TO MY FRIEND I PLAYED PVP IS MY FAVORITE PLS ADD MORE STUFF,
2025-06-26T18:19:39-07:00,jaygg14.2024,EARLYACCESS-0.3.1-642,5,GRAVI is cool,I was a tester and the game when I tested it was super fun and now that it is on the medical store it's really cool now to see it and finally store,
2025-06-26T17:46:11-07:00,Chandlet,EARLYACCESS-0.3.1-642,5,THIS GAME IS AMAZING,"This Game Has Some Much Stuff & Its ust Amazing, If Yeeps Goes Downfall This Would Be The New Game",
2025-06-26T16:53:28-07:00,Abelvr_YT,EARLYACCESS-0.3.1-642,5,BEST GAME IVE PLAYED THIS YEAR.,"Gravi has many different game modes such as moshpit. You can make friends, and have fun. Download 100 percent!",
2025-06-26T14:44:38-07:00,Jacken1743,EARLYACCESS-0.3.1-642,5,GRAVI IS THE GOAT,I LOVE THIS GAME SO MUCH BECAUSE ITS JUST LIKE YEEPS AND I ALSO LOVE YEEPS \nNow where’s my free banana hat,
2025-06-26T14:26:03-07:00,Fireburst,EARLYACCESS-0.3.1-642,5,Better than onion drift (ikisiw),This game is really good,
2025-06-26T14:08:33-07:00,Skibidi_Slime,EARLYACCESS-0.3.1-642,5,W game,I love the game and meltdown is so fun. Mosh pit is so fun and addictive to play. Devs cooked frfrong.,
2025-06-26T14:03:24-07:00,iEatSand1,EARLYACCESS-0.3.1-642,5,Amazing,I love yeeps and this game is very similar but with a unique twist i hope everyone with a vr gives it a try,
2025-06-26T13:38:13-07:00,squar,EARLYACCESS-0.3.1-642,4,Such a good game,I’ve been waiting for this game came out when it came out I was so excited I tried to figure everything out but this game is soooooooooo good,
2025-06-26T13:10:40-07:00,hudjaninja91,EARLYACCESS-0.3.1-642,5,So good,This game is yeeps animal company gorilla tag and more combined makes a super fun experience,
2025-06-26T12:43:34-07:00,teddyd9437,EARLYACCESS-0.3.1-642,5,Great job,I really like this game,
2025-06-26T12:41:34-07:00,PriceFam6,EARLYACCESS-0.3.1-642,5,✋😲🤚,"Gravi is where the chaos of zero-gravity combines with creative fun and lots of freedom to move! Go through different maps, swing and use your gadget skills to join in loads of community chaos.",
2025-06-26T12:14:24-07:00,ItsTheNateGuy,EARLYACCESS-0.3.1-642,5,W game! 🪐🚀,"I really love this game (Especially moshpit) it could use a little bit more, but otherwise it’s an amazing game!",
2025-06-26T11:24:46-07:00,Kaidan.W,EARLYACCESS-0.3.1-642,5,I just love this game,"I love it because it makes me feel like I am in jeeps, but also not in jeeps and it feels like if yeeps and Orion drift ￼ had a baby. This is what it would be. ￼",
2025-06-26T11:10:41-07:00,sh1p_m4n22,EARLYACCESS-0.3.1-642,4,Idk,4 stars little brain dead kids but other than that so good,
2025-06-26T10:52:36-07:00,TwiggsYt,EARLYACCESS-0.3.1-642,1,THIS IS THE WORST GAME IVE EVER PLAYED,Tried the code from pretty prince and didn’t work,
2025-06-26T10:51:17-07:00,Frederik2910,EARLYACCESS-0.3.1-642,5,Fun game gravy,Soo good and fun and all people are sweet and nobody is toxic,
2025-06-26T10:27:14-07:00,toasteerr,EARLYACCESS-0.3.1-642,4,Soiooooiooiiiiiioooooooo gooooooood,Amazing a bit confusing at first but once you get the hang of Kyle you could say it’s worth 20 dollars,
2025-06-26T10:21:40-07:00,pandalegends,EARLYACCESS-0.3.1-642,5,Fun game but they need to add somethings,One handed mode for example but over all great game,
2025-06-26T08:04:08-07:00,Tom16,EARLYACCESS-0.3.1-642,5,Super cool,The gam is fun and people really nice in it,
2025-06-26T07:33:19-07:00,coollguys,EARLYACCESS-0.3.1-642,5,Really cool,It’s cool cuz yeah,
2025-06-26T05:51:00-07:00,Doklans20,EARLYACCESS-0.3.1-642,5,BEST GAME ON META STORE,Thus game is soooooo good. I love the gravity and the gadgets. Everything is just perfefect. The community is also realy good and famely friendly. LOVE IT,
2025-06-26T02:37:10-07:00,PhoenixGG1,EARLYACCESS-0.3.1-642,1,This game is the worst,This is the worst game I've ever played because some toxic people keep hitting me for no reason I'm uninstalling this game and never downloading it again💀,
2025-06-26T02:32:37-07:00,Art1stt,EARLYACCESS-0.3.1-642,5,🐐 Gravi Is The Goat Of Games 🔥,Absolutely amazing and super Fun! Great Community and Gameplay. If I were to be able to live in this game I would it is super duper fun and just overall Amazing 🤩,
2025-06-25T22:44:05-07:00,gysz,EARLYACCESS-0.3.1-642,4,Very fun,The game is really fun the only down side I see so far is there is not a lot to really do of course they are stilll going o continue the game but so far I have had a pretty fun experience.,
2025-06-25T21:06:47-07:00,grapesodavr.1,EARLYACCESS-0.3.1-642,5,This game is fire 🔥,It has a AWSOME gravity flip thing,
2025-06-25T19:37:12-07:00,BoxOnVr,EARLYACCESS-0.3.1-642,4,Gravi review,Gravi is awesome new game and it is FIRE🔥🔥🔥🔥🔥\nBut for beginners it can be a bit confusing\n\n4 Stars,
2025-06-25T18:53:11-07:00,Giovani0607,EARLYACCESS-0.3.1-642,5,Wow,This game is the best!,
2025-06-25T18:33:58-07:00,Evanvenkman,EARLYACCESS-0.3.1-642,5,W game,This game is so much fun and you guys should totally play it!￼,
2025-06-25T18:18:16-07:00,KunoGaming2014,EARLYACCESS-0.3.1-642,5,,This is one of the best games❤️❤️❤️❤️❤️,
2025-06-25T17:35:48-07:00,Luchinam24,EARLYACCESS-0.3.1-642,5,Very fun game!!!!!,I really like the game and especially the rumble mode were you fight other players. I really recommend playing it with friends.,
2025-06-25T17:26:25-07:00,zynx_13,EARLYACCESS-0.3.1-642,4,W game,Cool game mining what is the point of it tho uh add sum more stuff to not much to do,
2025-06-25T17:17:47-07:00,GalyeaR,EARLYACCESS-0.3.1-642,5,Really fun!!,Super fun!!,
2025-06-25T17:09:03-07:00,MasterMindJaiden,EARLYACCESS-0.3.1-642,5,W game!!,Very epic game and epic player designs. i like the zero gravity mechanics!,
2025-06-25T17:01:42-07:00,ICEY.Yeep,EARLYACCESS-0.3.1-642,5,This game is fun and the devs (nice),This game is fun the community is nice and the devs do tons of fun events and nice especially Sun.,
2025-06-25T16:56:36-07:00,keptar703,EARLYACCESS-0.3.1-642,5,Good game,10/10 game in my opinion.\nYou should get it.,
2025-06-25T16:55:43-07:00,Just_Toast65,EARLYACCESS-0.3.1-642,5,AMAZING GAME,I love the game I like the fact were you can box in it and fly y’all should play it!,
2025-06-25T16:52:18-07:00,chacha.431392,EARLYACCESS-0.3.1-642,5,Gravi is insanely fun🚀,A lot of games started getting boring but when I found grav I can’t stop playing I have so much fun playing and the people I play with are really nice they helped me learn how to play and buy stuff this game is the to the best of VR in my opinion.,
2025-06-25T16:16:32-07:00,Bizbowbozerbon,EARLYACCESS-0.3.1-642,5,Very fun game,The movement is so unique and I love it,
2025-06-25T15:58:50-07:00,Fluffy_chill,EARLYACCESS-0.3.1-642,5,LOVE THIS GAME,This game is honestly one the the best games I have ever played in hole time on vr I have only seen one gamer go pass what this game has went past and the is Echo vr a very well know and loved game by all and the fact that this game is better than most and just came to launch is insane and amazing 🤩 🥹❤,
2025-06-25T15:40:44-07:00,HankJM,EARLYACCESS-0.3.1-642,5,Amazing,Me and my friend Spyde played this and we had so much fun,
2025-06-25T15:30:50-07:00,mythical_yeep,EARLYACCESS-0.3.1-642,5,Awesome job,I really like the race and I have a lot of fun hitting people off with bats I love robots,
2025-06-25T15:14:25-07:00,easterbunny145643,EARLYACCESS-0.3.1-642,5,This game is really awesome!,This game is probably the best game I've played so far. I really enjoy it but there are a few glitches. 5 stars,
2025-06-25T14:15:03-07:00,touchvr,EARLYACCESS-0.3.1-642,5,Hui,10/10 would recommend,
2025-06-25T14:09:52-07:00,MaxFactx_yt,EARLYACCESS-0.3.1-642,5,,This game is awesome. I can’t wait to see future updates. All this stuff is awesome. ￼,
2025-06-25T13:36:11-07:00,officialpillowvr1,EARLYACCESS-0.3.1-642,5,Bro you cooked 🔥🔥🔥is fire,Good  and met some friend In love this awesome\n👏👏👏👏✅✅✅✅✅,
2025-06-25T12:55:14-07:00,Kayden111308,EARLYACCESS-0.3.1-642,5,Good,Good game￼,
2025-06-25T12:54:29-07:00,traethebest.2024,EARLYACCESS-0.3.1-642,5,Amazing game,Love this new game it is so much fun,
2025-06-25T12:41:00-07:00,MooMooCowVR,EARLYACCESS-0.3.1-642,5,THIS GAME IS AWSOME,"Everyone should get this game it’s just the best, I bought the bundle instantly!",
2025-06-25T12:34:43-07:00,YEEPD,EARLYACCESS-0.3.1-642,5,Trippy,I think I might get motion sickness but I love this game,
2025-06-25T12:14:25-07:00,CallMeCayden,EARLYACCESS-0.3.1-642,5,Good game!,"I really like the space environment and different weapons, also the community was real nice I started a couple of days ago and they were all willing to help. 😊 👍",
2025-06-25T12:03:56-07:00,v._.v424,EARLYACCESS-0.3.1-642,5,Love this game,This game is so fun. You should get it. It's really cool. I love them mechanics of zero gravity really.,
2025-06-25T11:47:12-07:00,RonnyMathisen1,EARLYACCESS-0.3.1-642,4,Great game but has some issues,I find this great but there was no tutorial which makes it hard to understand what items can do. And switching from gravity to another is a bit janky in my opinion and I have no clue what the currency "nexium" does so can there be said what it does?,
2025-06-25T11:44:42-07:00,Filipkatten,EARLYACCESS-0.3.1-642,5,Good game!,Gravi is a really good game it has a lot of fun gadets and i really like the game,
2025-06-25T11:38:12-07:00,newbie.ben,EARLYACCESS-0.3.1-642,3,The green crystals,"The game was good even though I just started playing, but I don't know what to do with the stuff I get from the green crystals in the asteroid room.",
2025-06-25T11:01:01-07:00,Cage2118,EARLYACCESS-0.3.1-642,5,Better than Yeeps,This game is seriously better than Yeeps Hide And Seek.,
2025-06-25T10:30:27-07:00,MrAmbushVr,EARLYACCESS-0.3.1-642,5,Love This Game!,"This game is so fun! Especially Moshpit! Cool maps, gadgets, races, and cosmetics. It is a really good game!",
2025-06-25T09:56:02-07:00,Desty222,EARLYACCESS-0.3.1-642,5,great game,yall have really good potential keep up the quality of life bug fixes and the huge content updates and you'll grow into a game that'll rival yeeps and maybe even orion drift,
2025-06-25T08:35:26-07:00,Gibby_Yeep,EARLYACCESS-0.3.1-642,5,I love it,I got this game yesterday and I’ve already spent money on it. That’s how fun it is. The game is super fun with friends. There’s PVP tag you can even mine in the game in conclusion. This game is really fun and it’s probably one of my favorite games. ￼,
2025-06-25T08:00:13-07:00,mymomwillgetyou2,EARLYACCESS-0.3.1-642,5,,I need banana and game is fun,
2025-06-25T07:28:37-07:00,s.742654,EARLYACCESS-0.3.1-642,5,I love it,Gravi’s space theme is so good I love the platforms and how you get items out of the vending machine and I love the fighting arena ￼￼and it’s like a mix of  Yeeps hide and seek and Orion drift \n￼,
2025-06-25T07:13:44-07:00,Jackdragon_2025,EARLYACCESS-0.3.1-642,5,Great game,"Great game, love the combo of yeeps hide and seek gadgets, and Orion drifts gravity and theme.",
2025-06-24T23:13:52-07:00,Hiyovr,EARLYACCESS-0.3.1-642,5,What a great game.,I love this game so much thiñgs to do and the tools are epic 🔥🔥🔥,
2025-06-24T22:43:05-07:00,SuperorangeVR,EARLYACCESS-0.3.1-642,5,BEST GAME EVWR,BUMBUM TOLD ME TO DO THIS HE'S THE BEST!!!,
2025-06-24T22:30:02-07:00,D.A.CTwinkie.vr1,EARLYACCESS-0.3.1-642,5,Very cool game,This game reminds me of yeeps hide and seek and Orion drift it's a pretty cool game download it NOW 👇⏱️👇⏱️👇⏱️👇⏱️,
2025-06-24T21:57:24-07:00,CARISCOOLER,EARLYACCESS-0.3.1-642,5,Banana hat,Banana and\nHat,
2025-06-24T20:33:48-07:00,One_yeep_vr,EARLYACCESS-0.3.1-642,4,Great game,Fire game game it is very fun and motion sickness 🔥🔥🔥🔥🔥🔥🔥🔥🔥🔥🔥🔥🔥🔥🔥🔥🔥🔥🔥🔥🔥🔥🔥🔥🔥🔥🔥🔥🔥🔥🔥🔥🔥🔥🔥🔥🔥🔥🔥🔥🔥🔥🔥🔥🔥🔥🔥🔥🔥🔥🔥,
2025-06-24T20:32:02-07:00,Dilbry1,EARLYACCESS-0.3.1-642,5,Game is fire,🔥🔥🔥🔥🔥🔥🔥🔥🔥🔥🔥🔥🔥🔥🔥🔥🔥🔥🔥🔥🔥🔥🔥🔥🔥🔥🔥🔥🔥🔥🔥🔥🔥🔥🔥🔥🔥🔥🔥🔥,
2025-06-24T20:24:30-07:00,Goose_9696,EARLYACCESS-0.3.1-642,5,This game is awesome!,This game is basically if Yeeps and Orion drift had a baby. It has fun obstacles courses and lots of cosmetics. It has many gadgets too. It even has a liv camera for fun and high quality videos! I recommend playing this game if you like Yeeps or Orion drift.\nSubmit,
2025-06-24T19:18:50-07:00,RollyRadCat1,EARLYACCESS-0.3.1-642,5,GRAVI GOOD,Play it :),
2025-06-24T19:08:57-07:00,evancoolguy.2022,EARLYACCESS-0.3.1-642,5,This game is so fun,You can play infection and pvp and have gages,
2025-06-24T18:43:35-07:00,ZKS2013,EARLYACCESS-0.3.1-642,5,Gravi review,I was wrong the problem that happened to me was fixed thanks to the step by step help from the discord,
2025-06-24T18:14:29-07:00,WasUp27,EARLYACCESS-0.3.1-642,5,Great game,I like the fast paced mosh pit and that you can get the credits decently easy,
2025-06-24T18:03:20-07:00,Il_BEAST_lI,EARLYACCESS-0.3.1-635,5,Amazing,This is the best game on vr ever!,
2025-06-24T18:01:48-07:00,Plasma628.34,EARLYACCESS-0.3.1-635,5,Super fun!,This game is great to play! I love the unique zero-gravity feature and I especially enjoy the fighting arena in moshpit! \n\nThis game is very new so just expect some minor bugs but other than that it’s super fun and I would give this a chance if I were you!,
2025-06-24T17:59:12-07:00,maxxdxd123,EARLYACCESS-0.3.1-635,5,OMG THIS IS SOOOO GOOD,I started playing and the people was being so kind!!!,
2025-06-24T16:53:59-07:00,TheMetaguy_OD,EARLYACCESS-0.3.1-635,5,Best game with different gravity’s!!,"If you’re looking for a fun game to prance about and play tag, arena and get cool gadgets. This is your game to play! There are so many cool cosmetics and gadgets to unlock. So if you decide to download this game I have one thing to say to you. Gravi on!!",
2025-06-24T16:12:50-07:00,PieKing,EARLYACCESS-0.3.1-635,5,Work of art,"If you like zero gravity games, goofing off with random people, or just have fun with friends\nWhatever you want the game is alot like yeeps hide and seek and Orion drift mix those to games boom get gravi I really recommend this game to you :)",
2025-06-24T15:47:13-07:00,JesusGuyAstonavich,EARLYACCESS-0.3.1-635,5,Good,Good,
2025-06-24T15:21:29-07:00,HiggyBearVR,EARLYACCESS-0.3.1-635,4,This is an awesome game❤️! GO DOWNLOAD🔥,This game has so many cool mechanics to use. Though Ido get motion sickness in reality so sometimes get dizzy. But that has nothing to do with the games production that’s just me. This game easily slipping into my top 5 best games in my opinion. When you first start Gravi you can explore so many different places and each of them will make you have so much fun every second. Round of applause for the developers👏👏👏.,
2025-06-24T15:04:03-07:00,Zebanana.21,EARLYACCESS-0.3.1-635,5,Fun,It's like yeeps but in space.,
2025-06-24T14:09:40-07:00,ScraggyVr,EARLYACCESS-0.3.1-635,5,Gravi is awesome!,I played this game during alpha and it suprised me alot. Really like to see these types of games. I hope for the best in the future,
2025-06-24T14:03:12-07:00,Rodgersfamly,EARLYACCESS-0.3.1-635,5,"Good game, play it","A really well built game, especially for how new it is. I’m excited to see were this game is taken, and if there will be any lore to go with it.\n\nAlso, yes, it is a lot like yeeps, but if you don’t really like Yeeps because of there corrupt moderation, or smth else, then you can play this.\n(sorry, just annoyed with them rn)",
2025-06-24T13:45:58-07:00,WaffleWoww,EARLYACCESS-0.3.1-631,5,so glad i found this game so early,so niw i can see everthing that this game has and watch it grow,
2025-06-24T13:37:49-07:00,FieryKoala3056,EARLYACCESS-0.3.1-631,5,Great game,Hi I'm FieryKoala3056 I really like the game and how active it is,
2025-06-24T13:11:41-07:00,Spartyfan79,EARLYACCESS-0.3.1-631,4,Fun game,May be the next yeeps or gorrila tag very fun game,
2025-06-24T12:25:41-07:00,elliot.jax,EARLYACCESS-0.3.1-631,5,,"Amazing game! I love the maps and the community, and the game modes. This game is similar to yeeps, and orin drift too! I think this game is really cool to play with friends and with alone I think this game is very good for everyone who enjoys vr.",
2025-06-24T11:54:35-07:00,crystalgummy,EARLYACCESS-0.3.1-631,5,Best game ever!!!,"It’s a really fun game and I love the moshpit although the cosmetics are a little bit pricey but other than that, it’s a really fun game and the gadgets are super cool.",
2025-06-24T11:34:46-07:00,marshman15,EARLYACCESS-0.3.1-631,5,Fun,Great game so fun,
2025-06-24T10:01:04-07:00,Duckyy.vr,EARLYACCESS-0.3.1-631,5,I LOVE GRAVI,My friends brain in class 5+5=10 \nmy brain orion drift+yeeps=gravi\nMy friend daydreaming I can't wait for homework\nMe daydreaming I can't wait to play gravi\nMy friend playing at recess tag your it\nMe at recess dang I should of brought my vr😩,
2025-06-24T09:34:34-07:00,ThunderYeep,EARLYACCESS-0.3.1-631,4,Gravi is Fire!,Gravi is a really good game and it’s really fun! Everyone is nice and kind! A love the mosh pit and mining! I just don’t know what the nexuim does? I also get confused on where to go with the quests. Otherwise everthing is really cool!,
2025-06-24T06:38:34-07:00,WaterproofMicrowave,EARLYACCESS-0.3.1-630,4,Gravi is goated,Yeeps and Orion drift combined \n\n👍,
2025-06-24T04:17:54-07:00,Gorilla_Tag_Pro_CC,EARLYACCESS-0.3.1-630,5,W GAME,It's really good and it's kind of like yeeps hide and seek. There are so much things you can buy! If this game could be more then 5 stars I would do 10,
2025-06-24T01:54:16-07:00,Awake15,EARLYACCESS-0.3.1-630,5,One of the best games I’ve seen!,I’ve been playing since the start of testing and this game is just getting better and better! All of the bugs from the past are gone aswell,
2025-06-24T00:08:07-07:00,GhostyGhouls,EARLYACCESS-0.3.1-630,5,This game is gravi-tastic,It's a game for people who like too have fun and Goofy moments,
2025-06-23T23:47:00-07:00,Niceboy494_is_funny,EARLYACCESS-0.3.1-630,5,,Cool game,
2025-06-23T23:34:51-07:00,chowvryt_official,EARLYACCESS-0.3.1-630,5,Just like yeeps,This game is awesome,
2025-06-23T21:39:49-07:00,Cybolf,EARLYACCESS-0.3.1-630,5,Gravi's Moshpit,"Gravi’s moshpit game mode is one of the best things the game has to offer! I like the punching factor and the bats that spawn. I’m excited to see what will come in the future of this game! For now, it’s amazing.",
2025-06-23T21:26:44-07:00,Ancient,EARLYACCESS-0.3.1-630,5,Amazing Game!,"This game is super fun and there’s, TONS to explore! there’s. A bunch of amazing gadgets and maps to have a great time playing the game. And modes such as pvp, and races! These make the game so much fun!",
2025-06-23T21:11:38-07:00,Alexander1028,EARLYACCESS-0.3.1-630,5,W game,This is a good game but the astronaut bundle is too expensive. W game still but they do have to fix the gravity too,
2025-06-23T21:09:58-07:00,DinoSlayerUltimate,EARLYACCESS-0.3.1-630,5,Good,Really good game mode I think this is my fav vr game now ty devs for marking this fantastic￼ vr game,
2025-06-23T19:02:56-07:00,Dino233,EARLYACCESS-0.3.1-630,5,This game is good,The game is good and I like it so much,
2025-06-23T18:32:20-07:00,Robot-22,EARLYACCESS-0.3.1-630,5,Kewl game,Za gamo iz za funo,
2025-06-23T18:25:51-07:00,Pokey5151,EARLYACCESS-0.3.1-630,5,Love the gravity,"This game is the funnest. The Moshpit is so fun that getting knocked off is even stronger than fighting everybody like all of it even turning into a gingerbread man. It’s just crazy love gravity, bro who doesn’t want to get this game love all the Youtubers love the developers. They are so nice",
2025-06-23T17:40:34-07:00,Banana_bros2,EARLYACCESS-0.3.1-630,5,Amazing,I just started today and already love it even though I don’t understand everything yet,
2025-06-23T16:47:15-07:00,Harlem2222015,EARLYACCESS-0.3.1-630,5,Gravi is the best game try it,Gravi is actually one of the best games I ever played you should try it out its really fun,
2025-06-23T16:36:56-07:00,Garcia956,EARLYACCESS-0.3.1-630,5,,🤪,
2025-06-23T16:33:37-07:00,Itsjai_12345,EARLYACCESS-0.3.1-630,5,,Cool game,
2025-06-23T16:27:53-07:00,TMan_X,EARLYACCESS-0.3.1-630,5,Amazing Game!,"I love the mechanics in this game! Even though if you are new to VR I wouldn’t recommend because me even as a VR user who has been playing for years got a little motion sickness. But I’m fine, anyways it also mixes in a mechanic from my favorite VR game yeeps which is gadgets which adds even more to the chaotic game it is! 5/5 amazing!",
2025-06-23T16:20:55-07:00,Dominic0923.13,EARLYACCESS-0.3.1-630,5,Good game,Good game,
2025-06-23T16:18:14-07:00,Da.Baers2024,EARLYACCESS-0.3.1-630,5,￼,This game is so good. I love it.,
2025-06-23T16:12:07-07:00,TootherSTS,EARLYACCESS-0.3.1-630,5,Gravi is awesome!,"I love the game, though, I am confused on how I’m supposed to get currency for free. But, otherwise… I love the game ❤️ 🔥",
2025-06-23T15:57:44-07:00,DOGEPLAYZOFFICIAL,EARLYACCESS-0.3.1-630,5,Gravi is great!,So the reason why I like it is because it is a great game with great design but also I play yeeps ALOT so I like how simple it is and also I wasn’t able to get any early on bundles in yeeps but I can get them in this game + I want to support the game!,
2025-06-23T15:20:05-07:00,Harvrrrr,EARLYACCESS-0.3.1-630,5,Love it,It's such a good game,
2025-06-23T15:00:06-07:00,dinoboy5.2023,EARLYACCESS-0.3.1-630,5,Good game,Fun gravity physics,
2025-06-23T14:53:05-07:00,CrumbyzVR,EARLYACCESS-0.3.1-630,5,Best game,"The amount of how much it’s inspired by jeep is crazy and with other games too when it smashed together, it creates a beautiful game ￼",
2025-06-23T14:14:25-07:00,PilottVr,EARLYACCESS-0.3.1-630,5,Best game ever,Hi,
2025-06-23T13:59:16-07:00,ZIGGY_42,EARLYACCESS-0.3.1-630,5,The moshpit is the best game mode,The community is nice,
2025-06-23T12:53:07-07:00,Official.mint.2021,EARLYACCESS-0.3.1-630,5,Love the GAME,This game is so I had playing  the mosh pit plsplay this game but add more mini games By the way. Did Devin made this game frome yeeps,
2025-06-23T12:00:30-07:00,LavaAB,EARLYACCESS-0.3.1-630,5,Best game ever,This game is my favorite game keep updating it  and free banana hat is cool,
2025-06-23T11:56:56-07:00,Timmythe3rd,EARLYACCESS-0.3.1-630,5,Good game,Very nice,
2025-06-23T11:27:45-07:00,Cocenut60,EARLYACCESS-0.3.1-630,4,I love the gane,This is a fun game to play with friends,
2025-06-23T11:19:33-07:00,WhipRat,EARLYACCESS-0.3.1-630,5,Bubble gum,"This game is really fun, especially the bubble gun ￼",
2025-06-23T09:01:26-07:00,Kinda_ICEE,EARLYACCESS-0.3.1-630,5,Great,This game is so silly and fun 10/10,
2025-06-23T08:47:58-07:00,cactus_bean,EARLYACCESS-0.3.1-630,5,Game,Good,
2025-06-23T07:43:46-07:00,Lbro1234,EARLYACCESS-0.3.1-630,5,Gravi,Gravi is a lot of fun all my friends like it and the game mode mosh pit is so much fun.,
2025-06-23T06:54:52-07:00,chillyjustin,EARLYACCESS-0.3.1-630,5,,I recommend this game,
2025-06-23T05:46:01-07:00,peanupo,EARLYACCESS-0.3.1-630,5,Cool Yeeps fan game,Whenever i saw this game I was excited because I wanted a new game but whenever I got in the game I was amazed by it so 5 star.,
2025-06-22T23:39:41-07:00,TJGDuck,EARLYACCESS-0.3.1-630,5,W,So good,
2025-06-22T23:00:57-07:00,ketchupgamer,EARLYACCESS-0.3.1-630,5,Its an honor  to be a alpha tester,I found it really entertaiñing testing the early stages of gravi very fun game and I would recommend to a friend and I already have recommended to a friend,
2025-06-22T20:14:44-07:00,LazerLamo,EARLYACCESS-0.3.1-630,5,Vary good game,I like it,
2025-06-22T20:09:02-07:00,themonkevryt,EARLYACCESS-0.3.1-630,5,,I love this game and it’s really good keep going,
2025-06-22T19:20:40-07:00,Unacceptable,EARLYACCESS-0.3.1-630,5,Gravi is actually peak!,the gravity mechanic is a breath of fresh air and the items are awesome,
2025-06-22T19:12:06-07:00,JaxzVROnYt,EARLYACCESS-0.3.1-630,5,Amazing game,"This is an amazing game sick game modes, basically if Yeeps and Orion drift had a baby. Super cool with all the programs and opportunities this game has in the discord and in game!",
2025-06-22T17:13:27-07:00,ElijahVR8557,EARLYACCESS-0.3.1-627,5,Amazing,"All the features are phenomenal the graphics are great, game modes are fantastic, and the items are sigma.",
2025-06-22T16:52:04-07:00,Winteriza,EARLYACCESS-0.3.1-627,5,Best game in a long time!,"I love this game! I’ve already made a video on it! There is absolutely no reason NOT to get this game! It’s like if gorilla tag, Orion drift, and Yeeps had a baby! Try it out! NOW!!",
2025-06-22T16:32:40-07:00,trampolinefox92,EARLYACCESS-0.3.1-627,5,❤️❤️,Your game￼is so fire 🔥 👍￼,
2025-06-22T15:54:01-07:00,EnderVR2016,EARLYACCESS-0.3.1-627,5,Great game !!!!!,I love to play this game it’s so fun !!!!!,
2025-06-22T15:49:33-07:00,Jackthecat11,EARLYACCESS-0.3.1-627,5,Best game ever?,This game is a perfect game having similar things to yeeps hide and seek my favorite game ever,
2025-06-22T15:45:03-07:00,braulio.736668,EARLYACCESS-0.3.1-627,5,,W game love the fighting area the devs cooked so much on this game,
2025-06-22T15:38:22-07:00,Tim.Fiori,EARLYACCESS-0.3.1-627,5,This game is fire,I live this game so much it’s so mucky fun,
2025-06-22T15:37:46-07:00,OCTO_TY,EARLYACCESS-0.3.1-627,5,Fun and super cool,Moshpit is super fun and a cool game mode,
2025-06-22T13:52:02-07:00,Blueberry_yeep,EARLYACCESS-0.3.1-627,5,AMAZING GAME!,Everybody in this game is so kind and helpful,
2025-06-22T12:29:18-07:00,lazeredtheg,EARLYACCESS-0.3.1-627,5,A must have! 🪐,"I’ve only been playing Gravi for 2 days now, but I’m having a lot of fun with it! It mixes a lot of elements such as zero gravity, combat, and rpg! The player models are well done, and I really like the comestics too. I would install this game ASAP if I were you!! 🌌",
2025-06-22T05:28:16-07:00,the.cat.king.56,EARLYACCESS-0.3.1-627,5,Fun,A very fun multi player game with friends,
2025-06-22T03:22:26-07:00,allmight1.55,EARLYACCESS-0.3.1-627,5,gravi is sick,really good game,
2025-06-21T20:35:55-07:00,EH_VR13,EARLYACCESS-0.3.1-627,5,Good game,"I love the fun items u can use in the game, and I like the weekly parkour challenge",
2025-06-21T18:09:54-07:00,Ascid_Azure,EARLYACCESS-0.3.1-627,5,Very cool game,Its super duper cool,
2025-06-21T18:05:11-07:00,xVORTEXxVR,EARLYACCESS-0.3.1-627,5,Best game,Better than yeeps it is like yeeps but in 0 gravity and I love the movement and the game itself is super fun and the starter bundle is a great bundle,
2025-06-21T16:49:50-07:00,RootV.R,EARLYACCESS-0.3.1-627,5,W game,So I tested the game and it's the best one I played and tested as a new game.,
2025-06-21T15:38:24-07:00,PandaV.R,EARLYACCESS-0.3.1-627,5,its too good,the first millisecond i joined i passed out to how good it was,
2025-06-21T15:28:43-07:00,spunup,EARLYACCESS-0.3.1-627,4,Great game,This game might make people  sick \n￼￼but the community is great and awesome plus there’s a bunch of potential in this game ￼￼,
2025-06-21T15:04:24-07:00,TheAmazingWeirdGumball,EARLYACCESS-0.3.1-627,4,Amazing,Warning do not play if you suffer from motion sickness but other than that it’s an excellent game,
2025-06-21T14:12:02-07:00,BamBamPickle,EARLYACCESS-0.3.1-627,5,Pickle,This is the best game ever I loved it from the start my first friend was Eli and I have met a lot of people on the way and I just don’t want the community to give up from beloved pickle,
2025-06-21T14:03:12-07:00,Kiwidabird,EARLYACCESS-0.3.1-627,5,Really good!,The game is really fun the pvp room is awesome but the gravity system needs work other than that 10/10,
2025-06-21T13:24:01-07:00,DHCash,EARLYACCESS-0.3.1-627,5,I like this game this game is fun,I like the whole thing like you can like go in low gravity or something so yeah also I like the gadgets,
2025-06-21T10:36:25-07:00,gmvcappyvr,EARLYACCESS-0.3.0-619,5,Hello,Very fun cool game good to play with friends   👍👌,
2025-06-21T10:06:34-07:00,BrainBoy25,EARLYACCESS-0.3.0-619,5,banan hat,i wants banan hat pls\n\nalso w game,
2025-06-21T10:00:45-07:00,LucasPPT,EARLYACCESS-0.3.0-619,5,SO FUN TO PLAY,If enjoy games such as yeeps you should give this game a try it’s similar but not it’s great five stars ￼,
2025-06-21T09:15:38-07:00,milestm2011,EARLYACCESS-0.3.0-619,4,Good game,This game is fun and has a big potential,
2025-06-21T08:51:34-07:00,OfficalCloud_VR,EARLYACCESS-0.3.0-619,5,This game has so much to offer,"This game is like yeeps but very unique in its own way, there’s gravity change which is SUPER COOL and there is an amazing community to this game, everyone is interactive with each other, there are amazing cosmetics cool and funny gadgets and I feel like the game deserves more attention!!!",
2025-06-21T07:02:23-07:00,OfficialLabs,EARLYACCESS-0.3.0-619,5,Gravi Is Amazing,"This game is super fun and I can’t stop playing it. The amount of great times I’ve already had in this game is unmatched. Like meeting @Ima_Rainbow and just hanging with friends. I would recommend this game to anyone, as it is the most fun I’ve had in VR in a while.",
2025-06-21T06:00:22-07:00,savage_clown,EARLYACCESS-0.3.0-619,5,,My favorite game its fun funny and great there gravity that make the game really good,
2025-06-21T05:59:02-07:00,nascarblue,EARLYACCESS-0.3.0-619,5,Amazing game,"This game is very similar to Yeeps but it has its own fun items and mechanics. You can pvp people in the mosh pit, play tag in meltdown mode, or hang out in the nexus.￼",
2025-06-21T02:45:12-07:00,Maybechippyvr,EARLYACCESS-0.3.0-619,5,,Super fun,
2025-06-21T01:40:15-07:00,BurnedCooki,EARLYACCESS-0.3.0-619,5,Majestic game,"Idk what to say, this game is just good 🙂🙂",
2025-06-21T00:31:15-07:00,Theoxjordan9,EARLYACCESS-0.3.0-619,5,This game is so,⠀⠀⠀⠀⠀⠀⠀⠀⠀⠀⠀⢀⡠⠤⠀⠀⠀⠀⠀⠀⠀\n⠀⠀⠀⠀⠀⠀⠀⠀⠀⠀⡴⠁⠀⡰⠀⠀⠀⠀⠀⠀⠀\n⠀⠀⠀⠀⠀⠀⠀⠀⢀⡎⢀⠀⠀⠁⠀⠀⠀⠀⠀⠀⠀\n⣀⠀⠀⠀⠀⠀⠀⡠⠬⡡⠬⡋⠀⡄⠀⠀⠀⠀⠀⠀⠀\n⡀⠁⠢⡀⠀⠀⢰⠠⢷⠰⠆⡅⠀⡇⠀⠀⠀⣀⠔⠂⡂\n⠱⡀⠀⠈⠒⢄⡸⡑⠊⢒⣂⣦⠄⢃⢀⠔⠈⠀⠀⡰⠁\n⠀⠱⡀⠀⠀⡰⣁⣼⡿⡿⢿⠃⠠⠚⠁⠀⠀⢀⠜⠀⠀\n⠀⠀⠐⢄⠜⠀⠈⠓⠒⠈⠁⠀⠀⠀⠀⠀⡰⠃⠀⠀⠀\n⠀⠀⢀⠊⡀⠀⠀⠀⠀⠀⠀⠀⠀⠀⠀⠾⡀⠀⠀⠀⠀\n⠀⠀⢸⣄⠀⠀⡀⠀⠀⠀⠀⠀⠀⠀⠀⣀⡇⠀⠀⠀⠀\n⠀⠀⠸⢸⣳⠦⣍⣁⣀⣀⣀⣀⣠⠴⠚⠁⠇⠀⠀⠀⠀\n⠀⠀⠀⢳⣿⠄⠸⠢⠍⠉⠉⠀⠀⡠⢒⠎⠀⠀⠀⠀⠀\n⠀⠀⠀⠣⣀⠁⠒⡤⠤⢤⠀⠀⠐⠙⡇⠀⠀⠀⠀⠀⠀\n⠀⠀⠀⠀⠣⡀⡼⠀⠀⠈⠱⡒⠂⡸⠁⠀⠀⠀⠀⠀⠀\n⠀⠀⠀⠀⠀⠀⠀⠀⠀⠀⠀⠑⢒⠁⠀⠀⠀⠀⠀⠀⠀,
2025-06-20T19:26:20-07:00,stvr123,EARLYACCESS-0.3.0-619,5,The best game ever,I love grav it is the best game ever. And ￼sun  is the best developer .\n\n\n\n\n\n\n\n\n\n\n￼￼,
2025-06-20T19:08:36-07:00,Bgvr_123,EARLYACCESS-0.3.0-619,5,My opinion,I love this game! I didn't really like it at first but I  started playing and it got really fun if I was you and if you have a VR I would definitely check it out,
2025-06-20T19:04:21-07:00,The_grim_yeeper,EARLYACCESS-0.3.0-619,5,Gravi is fun,"Gravi is a really fun game based on gravity, and there are all sorts of things that you can do, like battling people running supper fast with a speed drink and a lot more, so this is why Gravi is a fun game.",
2025-06-20T18:44:20-07:00,Breakerupper,EARLYACCESS-0.3.0-619,5,The Goat!,This game is the best! but the only bad thing is that the gravity kinda tweaks out when you go upside down and stuff.￼￼,
2025-06-20T18:35:27-07:00,Official_yeeper0,EARLYACCESS-0.3.0-619,5,,Hey guys I am new to gravi 🚀but when I first joined the moment I saw how cool the game was I knew it was going to be a good game 🤩and when I first joined I got the astronaut bundle🥳🥳🥳￼￼and I was so so so happy and I took me a while to figure out the mechanics of the game like getting my gadgets out but I got the hang of it😁￼￼￼but by the way the game is really cool and fun!!!!!!!!￼￼,
2025-06-20T18:34:18-07:00,fletch2010.2023,EARLYACCESS-0.3.0-619,5,Very cool👍,I just started and it was really fun and it felt like a combination of yeeps and Mario galaxy,
2025-06-20T18:17:31-07:00,Koolkid665,EARLYACCESS-0.3.0-619,5,Hi,God is the one who is the most important part of the rest,
2025-06-20T17:52:37-07:00,riftroxsgaming,EARLYACCESS-0.3.0-619,5,Fun game,"A lot of stuff to do, definitely a game I will play now!￼￼￼",
2025-06-20T17:27:45-07:00,RealNSJ,EARLYACCESS-0.3.0-619,5,I LOVE IT,Just play the game you will see why,
2025-06-20T16:41:57-07:00,Monkey_playz2763,EARLYACCESS-0.3.0-619,5,Amazing game,"The people really nice also, the game is really fun. Cool",
2025-06-20T14:56:33-07:00,A2JTXlando,EARLYACCESS-0.3.0-619,4,This game is okay,The game is good but confusing there is so much things within the game that it is confusing to figure out and when I ask for help no one helps me maybe get better mod team or sum or people who help new players and improve the movement but otherwise the game is alright😁,
2025-06-20T14:35:29-07:00,jonnygaming880,EARLYACCESS-0.3.0-619,5,Gravi is really cool!,Gravi is so fun to play with even with its little gadgets and playing tag with my friends it’s so fun to play in!,
2025-06-20T14:29:42-07:00,fried_toust,EARLYACCESS-0.3.0-619,5,Not to shabby,It’s really good and I like that how on earth you’re going around the planets and the model,
2025-06-20T14:23:49-07:00,Mr_newborn,EARLYACCESS-0.3.0-619,5,Very fun,PvP mode has to be my favourite thing to do so much variety it’s just overall a great game keep up the good work wish you luck devs🥳,
2025-06-20T14:17:51-07:00,IamBOOOPVR,EARLYACCESS-0.3.0-619,5,Best Yeeps copy ever.,"This had gadgets, some of the same cosmetics and the best thing about it is the fact that you can mine while tagging other people!",
2025-06-20T14:02:12-07:00,Spotifymark,EARLYACCESS-0.3.0-619,5,Holy peak,I love it,
2025-06-20T13:43:35-07:00,BadcaptainMo,EARLYACCESS-0.3.0-619,5,Gravi,I am a tester and this game is out of this world!!,
2025-06-20T13:33:49-07:00,Axo1220,EARLYACCESS-0.3.0-619,5,Nice,Love the game mabey add a refinery so you can make nexium into nano cores mabey a 1000-100 ratio,
2025-06-20T13:33:09-07:00,ThatPollyGuy,EARLYACCESS-0.3.0-619,5,Gravi,This game is honestly amazing! I love all of thr features! The only thing I suggest Is adding more gamemodes!,
2025-06-20T13:30:44-07:00,wiserman.1044vr,EARLYACCESS-0.3.0-619,3,Love this game,Gravi is really fun although it may be a bit disorienting at first,
2025-06-20T13:06:53-07:00,MapleLeaf_Vr,EARLYACCESS-0.3.0-613,5,Best Game Of 2025,Wait for you to be able to trade in Nexium for tokens,
2025-06-20T12:43:14-07:00,GusEverything,EARLYACCESS-0.3.0-613,4,Good Game!,"Good game, I wish there was any form of a tutorial as it was confusing how to do anything as I'm very used to something like Yeeps, which this game shares similarities to. I had no idea how to get items out of my inventory, so I had to ask other people, but I figured it out, and it makes sense. I like the style of the game, though it is a little ugly I won't lie, I've found no clear issues with models even if they are a little blocky but it fits what is trying to be done here in this game. Good job!",
2025-06-20T12:29:30-07:00,nathan_cortez,EARLYACCESS-0.3.0-613,5,I spent so much time on this game,I spent so much time on this game and non of it was a waste will be playing a g\nAgin,
2025-06-20T12:12:02-07:00,Raspberryplays,EARLYACCESS-0.3.0-613,5,Cool,Cool,
2025-06-20T12:06:29-07:00,elijah.505557,EARLYACCESS-0.3.0-613,5,This game This game is like Mario Galaxy,"Like the gravity, reminds me of galaxy so much",
2025-06-20T12:04:53-07:00,TPMshade,EARLYACCESS-0.3.0-613,5,This game is enjoyable!,"It takes heavy inspiration from yeeps, a game I like, but it’s kind of fallen off a bit. But, with a different take on fun features, mainly being, the gravity aspect. Bubble spamming is quite annoying, so I believe there should be a cooldown after you shoot, and mirror the leaderboards across each player. Those minor issues don’t take away from my rating, as this game is amazing!",
2025-06-20T11:42:43-07:00,zombiewolf14,EARLYACCESS-0.3.0-613,5,,This game is super fun \n￼,
2025-06-20T11:29:57-07:00,Gaberumpus,EARLYACCESS-0.3.0-613,5,Fire game and chill mods,"I love your game, it has great mechanics, community, and is doing very well for its second day. And the mods are really cool.",
2025-06-20T11:00:46-07:00,N.J.W,EARLYACCESS-0.3.0-613,5,cool game,rizz,
2025-06-20T10:52:38-07:00,LegoDude333,EARLYACCESS-0.3.0-613,5,This game is awesome.,I love the gravity on physics.,
2025-06-20T08:30:27-07:00,AnthonyVR25,EARLYACCESS-0.3.0-613,5,Fire 🔥,I played this in open alpha it it was a BLAST and once the game fully released it was even funner there's so many gadgets to mess around with and so many ways to get coins so you can buy them!,
2025-06-20T07:05:39-07:00,MR.ATHLETlC,EARLYACCESS-0.3.0-613,5,Amazing game!,I had so much fun playing this game with me and my friends! It’s basically endless fun! There is so much stuff to do in this game it’s insane!,
2025-06-20T04:43:27-07:00,lonari,EARLYACCESS-0.3.0-613,5,Amazing Game,This is the funniest time I have had playing a VR game in awhile!,
2025-06-20T04:41:19-07:00,yeeping_monkey,EARLYACCESS-0.3.0-613,5,Best game for chaotic fun,"Love the way everything if set up and it’s so much fun to meet one of the devs, I almost cant take anything seriously when I’m one of the pwetty pwincesses",
2025-06-20T04:37:53-07:00,GipsonLikesFnam,EARLYACCESS-0.3.0-613,5,Yesnt,So I went in a public lobby then asked someone what do you think of this game and he said yesnt and kept saying that so it's pretty fun game,
2025-06-20T04:29:45-07:00,Bearthegamer,EARLYACCESS-0.3.0-613,5,Awesome,This game is the definition￼ of awesome￼ and so far I love playing it and I hope the next people will see the game and instantly install it,
2025-06-20T04:28:19-07:00,VRcatdad,EARLYACCESS-0.3.0-613,5,Awesome Social Game,"If you want to experience a space themed, action packed social game with a vibrant and friendly community, then Gravi is for you. Play tag, battle it out with your friends in the Mosh Pit, compete for top position on the leaderboard, mine Nexium for in game currency and have an amazing VR experience. Gravi promises to have lots of giveaways, have constant updates with even more amazing maps and game modes to explore. The uniqueness of Gravi is the many micro gravity environments in all the maps where the players get to experience something amazing. Download Gravi now. You won't be disappointed. Also join the Gravi discord to unlock even more roles, perks and giveaways.",
2025-06-20T01:21:59-07:00,GotowyVR,EARLYACCESS-0.3.0-613,5,Super gra,GRAVI to gra w której można grać w tag lub w pvp jeśli pobierzesz GRAVI to nie pożałujesz,
2025-06-19T23:36:23-07:00,Goobery_alien,EARLYACCESS-0.3.0-613,5,Epik,Awsome i love it,
2025-06-19T22:45:53-07:00,Merkn_VR,EARLYACCESS-0.3.0-613,5,Great people,The community is great everyone is funny I even got a tutorial on how to to play.,
2025-06-19T22:01:54-07:00,PR0JECT,EARLYACCESS-0.3.0-613,5,Cool game,I really like that it is similar to Yeeps hide and seek and the gadgets are fun but the bubble gum could get annoying sometimes and think that you should add something were you can like turn it off like when they shoot it at you you won’t be effected,
2025-06-19T20:45:58-07:00,eyegotdino,EARLYACCESS-0.3.0-613,5,Amazing game,Very sigma,
2025-06-19T20:20:24-07:00,Edwinteddyjr12,EARLYACCESS-0.3.0-613,5,I js got it,It is so fun and I met so many mods but I js don’t know how to play good game so fun and cool idea,
2025-06-19T19:56:09-07:00,Bethink011,EARLYACCESS-0.3.0-613,5,Out of This WORLD,This game is amazing The community is great and the maps never get boring and it’s FREE so there is no reason not to join,
2025-06-19T19:54:15-07:00,alone_forever,EARLYACCESS-0.3.0-613,5,Fun game,It is pretty sigma\n\n\n\n\n\n\n\n\n\n\n\n\n\n\n\n\n\n\n\n\n\n\nYep,
2025-06-19T19:46:36-07:00,Cheddar_Chezz,EARLYACCESS-0.3.0-613,5,This is cool,I like how you can change gravity and other suffff,
2025-06-19T19:35:15-07:00,BluedragonVR12,EARLYACCESS-0.3.0-613,5,Yeeps fangame,It's a really good game I like the new game and it reminds me of yeeps I like the gadgets and cosmetics I can't wait for the future of this game!,
2025-06-19T18:49:15-07:00,coconut_______wuter______melon,EARLYACCESS-0.3.0-613,5,Bill,It was fun,
2025-06-19T18:39:35-07:00,CCCookiegod,EARLYACCESS-0.3.0-613,5,Good and so much fun,Fun,
2025-06-19T18:14:34-07:00,Ima_Rainbow,EARLYACCESS-0.3.0-613,5,Gravi is fire!🔥Devs Cooked on Moshpit!,"🚀Gravi combines the chaos of zero-gravity with creative fun. This game is fun!\nHop into topsy turvy game lobbies with friends, make new friends, have fun hanging out using innovative gadgets or compete in gravity defying Parkour Speedrun challenges, try to avoid the Infection, or jump into the Infamous Moshpit! \n\n 🧑‍🚀💣🧑‍🚀🪦Moshpit!  I'm no good at it, but I Love It!\nCrazy PvE battles for Ultimate bragging rights.  Can you Survive?  Can you Win?  Do you have what it takes to go Bot vs Bot and claim your spot on the Leaderboard?  Moshpit is fun, fast & furious, the rounds are really quick and action packed!  Don't look away or you'll end up back in the control room wondering what happened.  \n\nLike all free games, Gravi has it's own in-game currency, Nano Credits, that're used to buy cool cosmetics and an array of gadgets.  The game provides plenty of opportunity to get free NCs with daily challenges, weekly leaderboard events, friend referrals and special promo codes.  If you really want to support the game, get the Bundle!",
2025-06-19T18:12:25-07:00,Henry.2763,EARLYACCESS-0.3.0-613,5,Great game,"The game was a lot more fun than I expected. And yes, there were those moments where I was floating into the waiting for a barrier to bring me back to safety or just hit me into an island ￼￼",
2025-06-19T18:05:50-07:00,Ultra064,EARLYACCESS-0.3.0-613,5,Can’t wait for the future,This￼ game’s open alpha was amazing and I can’t wait for some brand new updates to come out like new gadgets,
2025-06-19T17:56:50-07:00,yeep_animator,EARLYACCESS-0.3.0-613,5,Really good indie game,I love the gravity physics and the bubble gun,
2025-06-19T17:40:39-07:00,SkylarDog5700,EARLYACCESS-0.3.0-613,5,Good game,I love this game because it is similar to yeeps hide and seek,
2025-06-19T16:43:08-07:00,11_coffee_11,EARLYACCESS-0.3.0-613,5,Best game,It is better than yeeps and every \nGtag fan game play it now!!!!!!!!!,
2025-06-19T16:15:19-07:00,goofygrandpavr,EARLYACCESS-0.3.0-613,5,Super good Super good,This is super cool bro how do you spell?😏😏😏😏😏😏😏😏😏,
2025-06-19T16:02:34-07:00,Novathedragonvr,EARLYACCESS-0.3.0-613,5,GREAT GAME,I alpha tested it and it is like if yeeps and Orion drift had a baby and it's not much right now but it will definitely grow to be a huge game,
2025-06-19T15:53:23-07:00,AlexandAxel99,EARLYACCESS-0.3.0-613,5,Gun game,10 /10 fun,
2025-06-19T15:41:42-07:00,Mrgame_vr,EARLYACCESS-0.3.0-613,5,Very good game,I found out some people called it a yeeps knock off because of the design of the models for some reason but anyways I would say this game is very good surprisingly I seen other people that played it like rainbow VR cat dad and more hopefully you like it also and hopefully I meet you in there.,
2025-06-19T15:34:11-07:00,morganatorr,EARLYACCESS-0.3.0-613,5,Really Amazing Game!,This is a great game and has a combination of yeeps hide and seek and orion drift in a way. It has very unique cosmetics and if a space theme which is really cool,
2025-06-19T15:33:36-07:00,J.Alan.vr,EARLYACCESS-0.3.0-613,5,Hi I'm j. Alan. Vr,It's like yeeps hid and seek,
2025-06-19T15:07:53-07:00,ItsMe_Lk,EARLYACCESS-0.3.0-613,5,This game saved me,"Not too long ago, I have been diagnosed with ligma and my life has been very bad lately.but when I played this game, my grandpa who is paralyzed from tne waist down got up and played. Even my dead dog wanted to try it. Also, I no longer have ligma. Thank you for this amazing game, absolute cinema.",
2025-06-19T15:04:25-07:00,theelidrew,EARLYACCESS-0.3.0-613,5,BEST GAME Ever,This is the most fun I’ve ever had that unique gravity aspects are crazy fun!\n￼,
2025-06-19T14:31:31-07:00,Tjeudy21,EARLYACCESS-0.3.0-613,5,Amazing game🤩,THIS GAME IS SERIOUSLY GREAT IT IS BEAUTIFUL AND I LOVE IT SO MUCH THE GAMEMODES AND EVERYTHING IT IS DEFINITELY A 10/10,
2025-06-19T14:28:19-07:00,froggycheese.2573564,EARLYACCESS-0.3.0-613,5,Best game selling on store,Best game ever better than gorilla tag who ever made this game good job￼￼,
2025-06-19T14:19:58-07:00,RealBumBumVr,EARLYACCESS-0.3.0-613,4,GRAVI is pretty good,For it being fairly new it’s really good. Theres lots to do in the game and it’s easy to make friends. The cosmetics are good and it’s easy to make in game money. The graphic are there and the player model is great. There is also a in game camera that is free to use. So I give it a 4/5 stars,
2025-06-19T14:02:22-07:00,diamond.vr.2025,EARLYACCESS-0.3.0-613,5,Awesome,Very fun,
2025-06-19T13:57:44-07:00,TuxeVr,EARLYACCESS-0.3.0-613,5,Very fun game,"The game is super well made and is full of content like a combat, tag and much more. The devs clearly put time and effort in there game to make sure it’s good and I find that amazing.",
2025-06-19T13:53:35-07:00,Neonz13,EARLYACCESS-0.3.0-613,5,Gravity does not exist,Do you still believe in gravity just walk on wall man it’s easy\nBut seriously this is fun as heck you can do a lot of things and we are probably the first meta users to step on this game. I’m excited for this games out of early access time!,
2025-06-19T13:50:09-07:00,SnowingDev,EARLYACCESS-0.3.0-613,5,Fire,Best game ever,
2025-06-19T13:48:15-07:00,MatYeep_Official,EARLYACCESS-0.3.0-613,5,W GAME,I am a og tester for this game and now it's so fun!!,
2025-06-19T13:44:47-07:00,Harris1985,EARLYACCESS-0.3.0-613,5,Good,Good game,
2025-06-19T13:38:00-07:00,Mes906,EARLYACCESS-0.3.0-613,5,Best games,This game is super fun I love fighting with my friends in the little tunnel I like the cosmetics my favorite one is the dad one and the gadgets are super fun,
2025-06-19T13:34:02-07:00,Natureacshorts,EARLYACCESS-0.3.0-613,5,Very good,I had so much fun,
2025-06-19T13:21:16-07:00,german._.monkey,EARLYACCESS-0.3.0-613,4,Cool and fun game,The game is cool and fun but it took a lot Idea from yeeps (just getting the cosmetic,
2025-06-19T13:20:45-07:00,Wumpus.d,EARLYACCESS-0.3.0-613,5,Amazing game,The movement is amazing you need it,
2025-06-19T13:19:06-07:00,GTrueGamer,EARLYACCESS-0.3.0-613,5,Very good game,I really like the community and how the games mechanics coincide,
2025-06-19T13:15:48-07:00,mr._rizzy_trace55578,EARLYACCESS-0.3.0-613,4,Best game I’ve played in  while,"I swear, this is just amazing, it’s like Mario galaxy mixed with crazy sorts of fun and gadgets, it’s crazy!",
2025-06-19T13:06:48-07:00,Madowl0000,EARLYACCESS-0.3.0-613,5,Good Game,This is a very great game I would give it 1B stars I could play it all day,
2025-06-19T12:53:09-07:00,BlizzyIsWeird,EARLYACCESS-0.3.0-613,5,This game was really fun when I played,I really liked this and I like the cosmetics my fav was the angel wing but Theres alot more,
2025-06-19T12:39:37-07:00,CheesyChants,EARLYACCESS-0.3.0-613,5,lore,"combine yeeps, animal company, gorilla tag and add 65930237593 liter of lore and you got a fully functional masterpiece.\ngravi is a perfect game for lore.\nand there are a LOT of miners",
2025-06-19T12:35:05-07:00,MUG.Rootbeer,EARLYACCESS-0.3.0-613,5,This game is amazing,The mechanics in gravi are phenomenal,
2025-06-19T12:28:44-07:00,kingn1ck,EARLYACCESS-0.3.0-613,5,,Good game it’s like yeeps but this has character,
2025-06-19T12:27:32-07:00,MemeTheSIGMA,EARLYACCESS-0.3.0-613,5,Hhh,H,
2025-06-19T12:20:36-07:00,CrazyCraze,EARLYACCESS-0.3.0-613,5,Amazing Game,"This game is amazing, it's full of positivity and fun. Keep up this amazing work on Gravi. I love the mechanics in the game and the gamemodes. Moshpit is super fun to play and it's super cool how you can be rewarded for placing top 25 in the weekly Moshpit points leaderboard.",
2025-06-19T12:17:24-07:00,OculusMaster381,EARLYACCESS-0.3.0-613,5,Super amazing,So fun loved the minis a little trippy and a great \nExperience,
2025-06-19T12:12:55-07:00,Toxify.Yeep,EARLYACCESS-0.3.0-613,5,Amazing game,So fun to play tag and moshpit with friends highly recommend,
2025-06-19T12:07:14-07:00,HDplaysvr,EARLYACCESS-0.3.0-613,5,This game is awesome,The community was really nice and helped out a lot the game is fun and I would really recommend it,
2025-06-19T12:02:44-07:00,Braidie,EARLYACCESS-0.3.0-613,5,5 stars!,Well made game and super fun!The whole community is very kind!10/10 game!,
2025-06-19T12:02:19-07:00,gorillaBT,EARLYACCESS-0.3.0-613,5,Incredible,This game is absolutely awesome and definitely deserved the hype,
2025-06-19T11:59:27-07:00,YoungPastorVR,EARLYACCESS-0.3.0-613,5,Gravi is the best 100%..,I love the community already. This game is so good. They have a lot of stuff to do and a lot of fun can be given to players new or not. I love Orion Drift and Yeeps and this game is those combined. Not a copy and \ngeneric game that brings fun and competition. Aswell as making the first comp team for the game. I see everyone arouhd me there amazing.,
2025-06-19T11:56:03-07:00,Ashtonproyt767,EARLYACCESS-0.3.0-613,5,Good Game!,"I think, I have played since alpha as it realesed I was so happy ( Definitely not a video leak as well ) it is a fun game fly around the planets and more play with others I love how hard and determined the developers are and they are the kindest people I have ever met I hope we get more and more and it impacts history for everyone! This is a CC and Alpha tester saying this. Play it buy some COMETICS join the discord as soo much more fun things yall can do I recommend talking to the community they are nice as well and funny one guy said i need a poo in a lobby I said isn’t that a bit much information it’s just jokes play now have fun and most importantly enjoy! If you need any support for anyone.\n\nDm : Ashtonproyt | discord",
2025-06-19T11:55:42-07:00,NOVAVROFFICIAL,EARLYACCESS-0.3.0-613,5,GET THIS GAME!!!,"Do you want a really fun game that's like Yeeps and it's multiplayer? If so, this is the game for you!",
2025-06-19T11:47:16-07:00,Flynnflops,EARLYACCESS-0.3.0-613,4,👌😎👍,Pretty decent game for when your bored,
2025-06-19T11:47:12-07:00,OBanana_king,EARLYACCESS-0.3.0-613,5,It’s so fun,I’m a beta tester for this game and it’s really fun. I’ve been waiting for this game to come out so I can play with my friends in a moment when this game launch me and my friend started playing it’s really fun and it’s almost the same as Yeeps so if you love￼ playing yeeps play this game too,
2025-06-19T11:47:06-07:00,DottyPoppy87,EARLYACCESS-0.3.0-613,5,Amazing game,Amazing game,
2025-06-19T11:46:03-07:00,CheeseGooseVR,EARLYACCESS-0.3.0-613,5,Great Game,it’s a great pvp game and there’s other features hopeing to become a Mod one day!,
2025-06-19T11:44:18-07:00,Yeepymanpro,EARLYACCESS-0.3.0-613,5,Gravi,Great game. Maybe try to add more viriation to the quests,
2025-06-19T11:38:48-07:00,somwonsomtin,EARLYACCESS-0.3.0-613,5,AMAZING GAME!,"I'm an alpha tester and I'm telling you now the fun, excitement and creativity you get while playing is just incredible. I won't tell you too much but I recommend this one it is truly one of a kind!",
2025-06-19T11:38:23-07:00,LUKIEDON.11,EARLYACCESS-0.3.0-613,5,It's based on yeeps,Must I say more?,
2025-06-19T11:37:39-07:00,AvenueVR,EARLYACCESS-0.3.0-613,5,This is such a fun game,So fun I can’t stop speed running,
2025-06-19T11:37:07-07:00,JamJam.YZ,EARLYACCESS-0.3.0-613,5,This Game Is Really Good!,"I had gravi since the start of the alpha testing and ohh!, it was a blast I got to play Tag with so many people and got to fight for the throne in the moshpit all to say is that the game is so fun and really made for people with energy and ADHD go download the game now!!, to join me in the next BEST game on VR, GRAVI",
2025-06-19T11:37:03-07:00,TBREEZY_2707,EARLYACCESS-0.3.0-613,5,Best game ever,Seriously recommend no others words needed,
2025-06-19T11:36:28-07:00,Littl3,EARLYACCESS-0.3.0-613,5,This game is amazing!,"As a mod, I’ve never ever found any game like this, I love it, especially moshpit.",
2025-06-19T11:33:37-07:00,jackvr1122013,EARLYACCESS-0.3.0-613,5,For banna hat and honest review,Gravi is the best game because there's gadgets outfits low gravity and so much more,
2025-06-19T11:33:37-07:00,theogturtle,EARLYACCESS-0.3.0-613,5,A great.\nGame,This game is super fun and it's super good,
2025-06-19T11:32:54-07:00,Ethandebi,EARLYACCESS-0.3.0-613,5,This game is so fun,I love this game this game is so adventurous\n and so much cool gadgets \n￼,
2025-06-19T11:32:53-07:00,Artistred,EARLYACCESS-0.3.0-613,5,Fun game,"This game is super fun and I love it already it has a yeeps hide and seek vibe so if you like yeeps you will probably like this game. Met a dev, and some mods and they are super friendly and want to help people 10/10 would recommend",
2025-06-19T11:31:33-07:00,cosmo_vronyt,EARLYACCESS-0.3.0-613,5,Amazing team and game,This game is so fun and unique the dev team Is so nice they make everyone feel special I am an alpha tester and content hopefully soon to be moderator so you can trust me 10/10 would recommend,
2025-06-19T11:30:59-07:00,jdrvr,EARLYACCESS-0.3.0-613,5,Awsome,"Im a alpha tester so i know Gravi is one of the best games out there in space it’s so fun to play with your friends I really like the recent update where you battle,game is so fun I recommend trying",
2025-06-19T11:30:25-07:00,NorthernStars4,EARLYACCESS-0.3.0-613,5,Very good,It’s and amazing game I had it in beta but I don’t know what to do with nexium if you even can do anything with it,
2025-06-19T11:28:32-07:00,FootballDino925,EARLYACCESS-0.3.0-613,5,Very fun game,The races are a nice touch to the game and the cosmetics are awesome the gadgets are cool and the player model is unique,
2025-06-19T11:27:27-07:00,exploding.yeeper.0,EARLYACCESS-0.3.0-613,5,This is the Best game.,"Im a beta tester and this game is fantastic, download it!",
2025-06-19T11:27:03-07:00,deuce.178777,EARLYACCESS-0.3.0-613,5,SO FUN,"Great community (so far), awesome physics, great gadgets, definitely one of my favorite Vr games.",
2025-06-19T11:26:37-07:00,Starmanbear12GCU,EARLYACCESS-0.3.0-613,4,The games awesome and it came out today,"This game is awesome with its gravity physics and all the awesome gadgets, it’s got an awesome vending machine which has an awesome look and gives you your gadgets. YOU NEED TO GET THE GAME GRAVI!!!!!!!!",
2025-06-19T11:25:32-07:00,DJ_Dexter_VR,EARLYACCESS-0.3.0-613,5,This game is awesome!!,I was an alpha tester  and the game was so fun during alpha testing and when it launched ￼. You should get this game it’s very good for you to play with the games gravity.￼,
2025-06-19T11:24:20-07:00,PLCWILKIE,EARLYACCESS-0.3.0-613,5,W,MY NEW FAV GAME ON VR!!!!,
2025-06-19T11:23:56-07:00,Allistervr,EARLYACCESS-0.3.0-613,5,i love the game,this game is so awesome playing with it with new people like teaching them. I like hanging out with my friends and sun it is just the best ￼￼,
2025-06-19T11:23:33-07:00,Oh_My_Circuits,EARLYACCESS-0.3.0-613,3,This is my opinion.,This game is good but I needs a lot of working on but the game is still good.,
2025-06-19T11:23:30-07:00,burningdumpster,EARLYACCESS-0.3.0-613,4,Not bad,It could be better but it's a new game so I'm hoping for new approvements and changes to some things,
2025-06-19T11:21:39-07:00,mr.hahaha,EARLYACCESS-0.3.0-613,5,Has been here since beta test,I love this game so much. It just brings me so much joy how friendly people are and how amazing the game is. I’ve been here since Beta testing and I’ve loved this game and I just wanna say thank you so much for making this game. ￼,
2025-06-19T11:21:35-07:00,SpyGamingYT320,EARLYACCESS-0.3.0-613,5,I love space games,Every since Orion drift launched I loved the setting of space and now that gravi launched I will always play it,
2025-06-19T11:21:30-07:00,MRREDVRGAMING,EARLYACCESS-0.3.0-613,5,Awesome,"I am an alpha tester for this game and it is really fun. It’s like jeeps but you get to explore space. There’s a really sigma astronaut bundle that you should totally buy and you can even hit your friends around with baseball bats, and you could use the freeze bomb. My favorite item is definitely the bat. If you put the bats next to each other and you hit a person they go like flying. You should download gravity and play it for yourself. Have a great day.",
2025-06-19T11:21:28-07:00,raul.rios.5815,EARLYACCESS-0.3.0-613,5,Best Game Of The Year,It’s Like Mario Galaxy And Yeeps Combined there are cool cosmetics so go play now,
2025-06-19T11:21:09-07:00,Pacomayon,EARLYACCESS-0.3.0-613,5,Excellent Game IMO,"Very exciting game, it’s fun, great when playing with others (especially friends) and is overall just a good VR game, would definitely recommend.",
2025-06-19T11:20:57-07:00,froogythefrog1468,EARLYACCESS-0.3.0-613,5,Orion Drift X Yeeps Hide & Seek?,"Fun game, like yeeps and Orion drift combined. Also... Give me da Banana!!! 🍌🍌🍌🍌🍌",
2025-06-19T11:20:54-07:00,Darmander25,EARLYACCESS-0.3.0-613,5,Great game,This game is great and has great mechanics I'm lucky I got to alpha test this because I absolutely love this game,
2025-06-19T11:20:49-07:00,fazzzzzzbearr,EARLYACCESS-0.3.0-613,5,,This game is really fun but the only thing it needs is more quest and it’s still my favorite \n￼,
2025-06-19T11:20:38-07:00,Fancycone,EARLYACCESS-0.3.0-613,5,Gravi,I went into a higher life from from this game I have opened my third eye playing this,
2025-06-19T11:20:21-07:00,ClipzyBaller,EARLYACCESS-0.3.0-613,5,FUN!,This game is definitely a 5 star it introduces gravity and overall it’s a very fun game!,
2025-06-19T11:20:21-07:00,Xboom_15,EARLYACCESS-0.3.0-613,5,I love this game,I’ve been waiting for a month and it’s finally out. I can’t wait for other people to experience it.,
2025-06-19T11:20:04-07:00,sigma_yeep097,EARLYACCESS-0.3.0-613,5,Best game of all time,Very fun,
2025-06-19T11:17:28-07:00,Flurri,EARLYACCESS-0.3.0-613,5,From the start,I’ve been playing gravi since the 22nd of may.\nThis game has so much to offer and it’s very fun to play. It has cool mechanics that are very interesting. Hope your hop in and join in on this he fun.,
2025-06-19T11:14:29-07:00,Pumpko.PNG,EARLYACCESS-0.3.0-613,5,Gravi ruined my life,I’m short it ruined my life by being WAY TOO FUN 😡😡😡 they should KEEP this game on the quest store but should make them put a warning in game about it being too fun anyways 5 stars,
2025-06-19T11:07:28-07:00,ashesoftoast,EARLYACCESS-0.3.0-613,5,Fun games,"Crazy game, fun, chaotic￼",
2025-06-19T11:06:22-07:00,ratatolle.15,EARLYACCESS-0.3.0-613,5,I love this game,Soo I am a beta tester well og beta and all the Experiment with the game. I loved it. It is a wonderful game,
2025-06-19T11:04:59-07:00,thevibem,EARLYACCESS-0.3.0-613,5,Very good,"I’m glad to be a part of this game, love being an alpha tester and in game moderator for GRAVI. Love the game modes too",
2025-06-19T11:04:45-07:00,watermelonpopper,EARLYACCESS-0.3.0-613,5,Good game,Very fun game with nice players!,
2025-06-19T11:03:24-07:00,Milton.the.yeeper,EARLYACCESS-0.3.0-613,5,Gravi,"A great game, I don't have so much time so i'll end it here",
2025-06-19T11:03:21-07:00,MehReal,EARLYACCESS-0.3.0-613,5,this game gave me space talk.,because yes,
2025-06-19T11:02:36-07:00,The_Real_King_Nugget,EARLYACCESS-0.3.0-613,5,Good game,I love the tools it’s fun to play with friends to,